-- phpMyAdmin SQL Dump
-- version 5.2.1
-- https://www.phpmyadmin.net/
--
-- Host: 127.0.0.1
-- Generation Time: Feb 12, 2026 at 06:10 AM
-- Server version: 10.4.32-MariaDB
-- PHP Version: 8.2.12

SET SQL_MODE = "NO_AUTO_VALUE_ON_ZERO";
START TRANSACTION;
SET time_zone = "+00:00";


/*!40101 SET @OLD_CHARACTER_SET_CLIENT=@@CHARACTER_SET_CLIENT */;
/*!40101 SET @OLD_CHARACTER_SET_RESULTS=@@CHARACTER_SET_RESULTS */;
/*!40101 SET @OLD_COLLATION_CONNECTION=@@COLLATION_CONNECTION */;
/*!40101 SET NAMES utf8mb4 */;

--
-- Database: `app_sip_kafe`
--

-- --------------------------------------------------------

--
-- Table structure for table `admin`
--

CREATE TABLE `admin` (
  `id_admin` int(11) NOT NULL,
  `username` varchar(50) NOT NULL,
  `password` varchar(255) NOT NULL,
  `nama_lengkap` varchar(100) DEFAULT NULL,
  `email` varchar(100) DEFAULT NULL,
  `no_hp` varchar(20) DEFAULT NULL
) ENGINE=InnoDB DEFAULT CHARSET=utf8mb4 COLLATE=utf8mb4_general_ci;

--
-- Dumping data for table `admin`
--

INSERT INTO `admin` (`id_admin`, `username`, `password`, `nama_lengkap`, `email`, `no_hp`) VALUES
(1, 'admin', '21232f297a57a5a743894a0e4a801fc3', 'ddyinnpalentin', 'delinpalentin02@gmail.com', '085840064684');

-- --------------------------------------------------------

--
-- Table structure for table `clustering`
--

CREATE TABLE `clustering` (
  `id_cluster` int(11) NOT NULL,
  `nama_file` varchar(100) DEFAULT NULL,
  `jumlah_cluster` int(11) DEFAULT NULL,
  `jumlah_data` int(11) DEFAULT NULL,
  `waktu_clustering` datetime DEFAULT NULL
) ENGINE=InnoDB DEFAULT CHARSET=utf8mb4 COLLATE=utf8mb4_general_ci;

--
-- Dumping data for table `clustering`
--

INSERT INTO `clustering` (`id_cluster`, `nama_file`, `jumlah_cluster`, `jumlah_data`, `waktu_clustering`) VALUES
(11, '2026-01-28_22-17-15_Clustering_SIP_Kafe_Balam.csv', 3, 194, '2026-01-28 22:17:15'),
(12, '2026-01-28_22-38-35_Clustering_SIP_Kafe_Balam.csv', 3, 194, '2026-01-28 22:38:35'),
(13, '2026-01-28_22-46-50_Clustering_SIP_Kafe_Balam.csv', 3, 194, '2026-01-28 22:46:51'),
(14, '2026-01-28_22-52-25_Clustering_SIP_Kafe_Balam.csv', 3, 194, '2026-01-28 22:52:25'),
(15, '2026-01-28_23-09-19_Clustering_SIP_Kafe_Balam.csv', 3, 194, '2026-01-28 23:09:19'),
(16, '2026-02-10_12-21-06_Clustering_SIP_Kafe_Balam.csv', 3, 194, '2026-02-10 12:21:06'),
(17, '2026-02-10_12-49-27_Clustering_SIP_Kafe_Balam.csv', 3, 194, '2026-02-10 12:49:27'),
(18, '2026-02-10_12-57-11_Clustering_SIP_Kafe_Balam.csv', 3, 194, '2026-02-10 12:57:11'),
(19, '2026-02-10_13-04-24_Clustering_SIP_Kafe_Balam.csv', 3, 194, '2026-02-10 13:04:25'),
(20, '2026-02-10_13-15-11_Clustering_SIP_Kafe_Balam.csv', 3, 194, '2026-02-10 13:15:12'),
(21, '2026-02-10_13-16-53_Clustering_SIP_Kafe_Balam.csv', 3, 194, '2026-02-10 13:16:53'),
(22, '2026-02-10_13-17-25_Clustering_SIP_Kafe_Balam.csv', 3, 194, '2026-02-10 13:17:25'),
(23, '2026-02-10_14-03-37_Clustering_SIP_Kafe_Balam.csv', 3, 194, '2026-02-10 14:03:37'),
(24, '2026-02-10_14-08-42_Clustering_SIP_Kafe_Balam.csv', 3, 194, '2026-02-10 14:08:42'),
(25, '2026-02-12_05-51-51_Clustering_SIP_Kafe_Balam.csv', 3, 194, '2026-02-12 05:51:51'),
(26, '2026-02-12_06-16-27_Clustering_SIP_Kafe_Balam.csv', 3, 194, '2026-02-12 06:16:27'),
(27, '2026-02-12_06-22-25_Clustering_SIP_Kafe_Balam.csv', 3, 194, '2026-02-12 06:22:25'),
(28, '2026-02-12_07-49-20_Clustering_SIP_Kafe_Balam.csv', 3, 194, '2026-02-12 07:49:20'),
(29, '2026-02-12_07-51-34_Clustering_SIP_Kafe_Balam.csv', 3, 194, '2026-02-12 07:51:34'),
(30, '2026-02-12_07-52-56_Clustering_SIP_Kafe_Balam.csv', 3, 194, '2026-02-12 07:52:56'),
(31, '2026-02-12_07-59-41_Clustering_SIP_Kafe_Balam.csv', 3, 194, '2026-02-12 07:59:41'),
(32, '2026-02-12_08-21-13_Clustering_SIP_Kafe_Balam.csv', 3, 194, '2026-02-12 08:21:13'),
(33, '2026-02-12_08-24-07_Clustering_SIP_Kafe_Balam.csv', 3, 194, '2026-02-12 08:24:07'),
(34, '2026-02-12_08-27-50_Clustering_SIP_Kafe_Balam.csv', 3, 194, '2026-02-12 08:27:50'),
(35, '2026-02-12_08-28-57_Clustering_SIP_Kafe_Balam.csv', 3, 194, '2026-02-12 08:28:57'),
(36, '2026-02-12_08-31-45_Clustering_SIP_Kafe_Balam.csv', 3, 194, '2026-02-12 08:31:46'),
(37, '2026-02-12_08-32-12_Clustering_SIP_Kafe_Balam.csv', 3, 194, '2026-02-12 08:32:12'),
(38, '2026-02-12_08-32-32_Clustering_SIP_Kafe_Balam.csv', 3, 194, '2026-02-12 08:32:32'),
(39, '2026-02-12_08-33-49_Clustering_SIP_Kafe_Balam.csv', 3, 194, '2026-02-12 08:33:49'),
(40, '2026-02-12_08-37-08_Clustering_SIP_Kafe_Balam.csv', 3, 194, '2026-02-12 08:37:09'),
(41, '2026-02-12_08-37-23_Clustering_SIP_Kafe_Balam.csv', 3, 194, '2026-02-12 08:37:23'),
(42, '2026-02-12_08-57-58_Clustering_SIP_Kafe_Balam.csv', 3, 194, '2026-02-12 08:57:59'),
(43, '2026-02-12_11-32-18_Clustering_SIP_Kafe_Balam.csv', 3, 194, '2026-02-12 11:32:18'),
(44, '2026-02-12_11-41-04_Clustering_SIP_Kafe_Balam.csv', 3, 194, '2026-02-12 11:41:05'),
(45, '2026-02-12_11-49-09_Clustering_SIP_Kafe_Balam.csv', 3, 194, '2026-02-12 11:49:09'),
(46, '2026-02-12_12-04-14_Clustering_SIP_Kafe_Balam.csv', 3, 194, '2026-02-12 12:04:15'),
(47, '2026-02-12_12-04-15_Clustering_SIP_Kafe_Balam.csv', 3, 194, '2026-02-12 12:04:15'),
(48, '2026-02-12_12-04-16_Clustering_SIP_Kafe_Balam.csv', 3, 194, '2026-02-12 12:04:16'),
(49, '2026-02-12_12-04-17_Clustering_SIP_Kafe_Balam.csv', 3, 194, '2026-02-12 12:04:17'),
(50, '2026-02-12_12-04-18_Clustering_SIP_Kafe_Balam.csv', 3, 194, '2026-02-12 12:04:18'),
(51, '2026-02-12_12-04-18_Clustering_SIP_Kafe_Balam.csv', 3, 194, '2026-02-12 12:04:19'),
(52, '2026-02-12_12-04-19_Clustering_SIP_Kafe_Balam.csv', 3, 194, '2026-02-12 12:04:19'),
(53, '2026-02-12_12-04-20_Clustering_SIP_Kafe_Balam.csv', 3, 194, '2026-02-12 12:04:20'),
(54, '2026-02-12_12-04-21_Clustering_SIP_Kafe_Balam.csv', 3, 194, '2026-02-12 12:04:21'),
(55, '2026-02-12_12-04-21_Clustering_SIP_Kafe_Balam.csv', 3, 194, '2026-02-12 12:04:22'),
(56, '2026-02-12_12-04-22_Clustering_SIP_Kafe_Balam.csv', 3, 194, '2026-02-12 12:04:22'),
(57, '2026-02-12_12-04-23_Clustering_SIP_Kafe_Balam.csv', 3, 194, '2026-02-12 12:04:23'),
(58, '2026-02-12_12-04-24_Clustering_SIP_Kafe_Balam.csv', 3, 194, '2026-02-12 12:04:24'),
(59, '2026-02-12_12-04-24_Clustering_SIP_Kafe_Balam.csv', 3, 194, '2026-02-12 12:04:25'),
(60, '2026-02-12_12-04-25_Clustering_SIP_Kafe_Balam.csv', 3, 194, '2026-02-12 12:04:26'),
(61, '2026-02-12_12-04-26_Clustering_SIP_Kafe_Balam.csv', 3, 194, '2026-02-12 12:04:26'),
(62, '2026-02-12_12-04-27_Clustering_SIP_Kafe_Balam.csv', 3, 194, '2026-02-12 12:04:27'),
(63, '2026-02-12_12-04-27_Clustering_SIP_Kafe_Balam.csv', 3, 194, '2026-02-12 12:04:28'),
(64, '2026-02-12_12-04-28_Clustering_SIP_Kafe_Balam.csv', 3, 194, '2026-02-12 12:04:29'),
(65, '2026-02-12_12-04-29_Clustering_SIP_Kafe_Balam.csv', 3, 194, '2026-02-12 12:04:29'),
(66, '2026-02-12_12-04-30_Clustering_SIP_Kafe_Balam.csv', 3, 194, '2026-02-12 12:04:30'),
(67, '2026-02-12_12-04-31_Clustering_SIP_Kafe_Balam.csv', 3, 194, '2026-02-12 12:04:31'),
(68, '2026-02-12_12-04-32_Clustering_SIP_Kafe_Balam.csv', 3, 194, '2026-02-12 12:04:32');

-- --------------------------------------------------------

--
-- Table structure for table `hasil_clustering`
--

CREATE TABLE `hasil_clustering` (
  `id_hasil` int(11) NOT NULL,
  `id_cluster` int(11) DEFAULT NULL,
  `id_kafe` int(11) DEFAULT NULL,
  `cluster` int(11) DEFAULT NULL,
  `jarak_centroid` float DEFAULT NULL,
  `peringkat_cluster` int(11) DEFAULT NULL,
  `rating_akhir` float NOT NULL,
  `created_at` datetime NOT NULL DEFAULT current_timestamp()
) ENGINE=InnoDB DEFAULT CHARSET=utf8mb4 COLLATE=utf8mb4_general_ci;

--
-- Dumping data for table `hasil_clustering`
--

INSERT INTO `hasil_clustering` (`id_hasil`, `id_cluster`, `id_kafe`, `cluster`, `jarak_centroid`, `peringkat_cluster`, `rating_akhir`, `created_at`) VALUES
(1, 68, 5, 1, 0.119341, 1, 5, '2026-02-12 12:04:32'),
(2, 68, 6, 1, 0.119341, 2, 5, '2026-02-12 12:04:32'),
(3, 68, 7, 1, 0.119341, 3, 5, '2026-02-12 12:04:32'),
(4, 68, 8, 1, 0.119341, 4, 5, '2026-02-12 12:04:32'),
(5, 68, 9, 1, 0.119341, 5, 5, '2026-02-12 12:04:32'),
(6, 68, 10, 1, 0.119341, 6, 5, '2026-02-12 12:04:32'),
(7, 68, 11, 1, 0.119341, 7, 5, '2026-02-12 12:04:32'),
(8, 68, 12, 1, 0.119341, 8, 5, '2026-02-12 12:04:32'),
(9, 68, 13, 1, 0.119341, 9, 5, '2026-02-12 12:04:32'),
(10, 68, 14, 1, 0.119341, 10, 5, '2026-02-12 12:04:32'),
(11, 68, 15, 1, 0.119341, 11, 5, '2026-02-12 12:04:32'),
(12, 68, 16, 1, 0.119341, 12, 5, '2026-02-12 12:04:32'),
(13, 68, 17, 1, 0.119341, 13, 5, '2026-02-12 12:04:32'),
(14, 68, 18, 1, 0.119341, 14, 5, '2026-02-12 12:04:32'),
(15, 68, 19, 1, 0.119341, 15, 5, '2026-02-12 12:04:32'),
(16, 68, 20, 1, 0.119341, 16, 5, '2026-02-12 12:04:32'),
(17, 68, 21, 1, 0.119341, 17, 5, '2026-02-12 12:04:32'),
(18, 68, 22, 1, 0.119341, 18, 5, '2026-02-12 12:04:32'),
(19, 68, 199, 1, 0.119341, 19, 5, '2026-02-12 12:04:32'),
(20, 68, 24, 1, 0.119341, 20, 5, '2026-02-12 12:04:32'),
(21, 68, 25, 1, 0.119341, 21, 5, '2026-02-12 12:04:32'),
(22, 68, 26, 1, 0.119341, 22, 5, '2026-02-12 12:04:32'),
(23, 68, 27, 1, 0.119341, 23, 5, '2026-02-12 12:04:32'),
(24, 68, 28, 1, 0.119341, 24, 5, '2026-02-12 12:04:32'),
(25, 68, 29, 1, 0.119341, 25, 5, '2026-02-12 12:04:32'),
(26, 68, 30, 1, 0.119341, 26, 5, '2026-02-12 12:04:32'),
(27, 68, 31, 1, 0.119341, 27, 5, '2026-02-12 12:04:32'),
(28, 68, 32, 1, 0.119341, 28, 5, '2026-02-12 12:04:32'),
(29, 68, 33, 1, 0.119341, 29, 5, '2026-02-12 12:04:32'),
(30, 68, 34, 1, 0.119341, 30, 5, '2026-02-12 12:04:32'),
(31, 68, 35, 1, 0.119341, 31, 5, '2026-02-12 12:04:32'),
(32, 68, 36, 1, 0.119341, 32, 5, '2026-02-12 12:04:32'),
(33, 68, 37, 1, 0.119341, 33, 5, '2026-02-12 12:04:32'),
(34, 68, 38, 1, 0.119341, 34, 5, '2026-02-12 12:04:32'),
(35, 68, 39, 1, 0.119341, 35, 5, '2026-02-12 12:04:32'),
(36, 68, 40, 1, 0.119341, 36, 5, '2026-02-12 12:04:32'),
(37, 68, 41, 1, 0.119341, 37, 5, '2026-02-12 12:04:32'),
(38, 68, 42, 1, 0.119341, 38, 5, '2026-02-12 12:04:32'),
(39, 68, 43, 1, 0.119341, 39, 5, '2026-02-12 12:04:32'),
(40, 68, 44, 1, 0.119341, 40, 5, '2026-02-12 12:04:32'),
(41, 68, 45, 1, 0.119341, 41, 5, '2026-02-12 12:04:32'),
(42, 68, 46, 1, 0.119341, 42, 5, '2026-02-12 12:04:32'),
(43, 68, 47, 1, 0.119341, 43, 5, '2026-02-12 12:04:32'),
(44, 68, 48, 1, 0.119341, 44, 5, '2026-02-12 12:04:32'),
(45, 68, 49, 1, 0.119341, 45, 5, '2026-02-12 12:04:32'),
(46, 68, 50, 1, 0.119341, 46, 5, '2026-02-12 12:04:32'),
(47, 68, 51, 1, 0.119341, 47, 5, '2026-02-12 12:04:32'),
(48, 68, 52, 1, 0.119341, 48, 5, '2026-02-12 12:04:32'),
(49, 68, 53, 1, 0.119341, 49, 5, '2026-02-12 12:04:32'),
(50, 68, 54, 1, 0.119341, 50, 5, '2026-02-12 12:04:32'),
(51, 68, 55, 1, 0.119341, 51, 5, '2026-02-12 12:04:32'),
(52, 68, 56, 1, 0.119341, 52, 5, '2026-02-12 12:04:32'),
(53, 68, 57, 1, 0.119341, 53, 5, '2026-02-12 12:04:32'),
(54, 68, 58, 1, 0.119341, 54, 5, '2026-02-12 12:04:32'),
(55, 68, 59, 1, 0.119341, 55, 5, '2026-02-12 12:04:32'),
(56, 68, 60, 1, 0.119341, 56, 5, '2026-02-12 12:04:32'),
(57, 68, 61, 1, 0.119341, 57, 5, '2026-02-12 12:04:32'),
(58, 68, 62, 1, 0.119341, 58, 5, '2026-02-12 12:04:32'),
(59, 68, 63, 1, 0.119341, 59, 5, '2026-02-12 12:04:32'),
(60, 68, 64, 1, 0.119341, 60, 5, '2026-02-12 12:04:32'),
(61, 68, 65, 1, 0.119341, 61, 5, '2026-02-12 12:04:32'),
(62, 68, 66, 1, 0.119341, 62, 5, '2026-02-12 12:04:32'),
(63, 68, 67, 1, 0.119341, 63, 5, '2026-02-12 12:04:32'),
(64, 68, 68, 1, 0.119341, 64, 5, '2026-02-12 12:04:32'),
(65, 68, 69, 1, 0.119341, 65, 5, '2026-02-12 12:04:32'),
(66, 68, 70, 1, 0.119341, 66, 5, '2026-02-12 12:04:32'),
(67, 68, 71, 1, 0.119341, 67, 5, '2026-02-12 12:04:32'),
(68, 68, 72, 1, 0.119341, 68, 5, '2026-02-12 12:04:32'),
(69, 68, 73, 1, 0.119341, 69, 5, '2026-02-12 12:04:32'),
(70, 68, 74, 1, 0.119341, 70, 5, '2026-02-12 12:04:32'),
(71, 68, 75, 1, 0.119341, 71, 5, '2026-02-12 12:04:32'),
(72, 68, 76, 1, 0.119341, 72, 5, '2026-02-12 12:04:32'),
(73, 68, 77, 1, 0.119341, 73, 5, '2026-02-12 12:04:32'),
(74, 68, 78, 1, 0.119341, 74, 5, '2026-02-12 12:04:32'),
(75, 68, 79, 1, 0.119341, 75, 5, '2026-02-12 12:04:32'),
(76, 68, 80, 1, 0.119341, 76, 5, '2026-02-12 12:04:32'),
(77, 68, 81, 1, 0.119341, 77, 5, '2026-02-12 12:04:32'),
(78, 68, 82, 1, 0.119341, 78, 5, '2026-02-12 12:04:32'),
(79, 68, 83, 1, 0.119341, 79, 5, '2026-02-12 12:04:32'),
(80, 68, 84, 1, 0.119341, 80, 5, '2026-02-12 12:04:32'),
(81, 68, 85, 1, 0.119341, 81, 5, '2026-02-12 12:04:32'),
(82, 68, 86, 1, 0.119341, 82, 5, '2026-02-12 12:04:32'),
(83, 68, 87, 1, 0.119341, 83, 5, '2026-02-12 12:04:32'),
(84, 68, 88, 1, 0.119341, 84, 5, '2026-02-12 12:04:32'),
(85, 68, 89, 1, 0.119341, 85, 5, '2026-02-12 12:04:32'),
(86, 68, 90, 1, 0.119341, 86, 5, '2026-02-12 12:04:32'),
(87, 68, 91, 1, 0.119341, 87, 5, '2026-02-12 12:04:32'),
(88, 68, 92, 1, 0.119341, 88, 5, '2026-02-12 12:04:32'),
(89, 68, 93, 1, 0.119341, 89, 5, '2026-02-12 12:04:32'),
(90, 68, 94, 1, 0.119341, 90, 5, '2026-02-12 12:04:32'),
(91, 68, 95, 1, 0.119341, 91, 5, '2026-02-12 12:04:32'),
(92, 68, 96, 1, 0.119341, 92, 5, '2026-02-12 12:04:32'),
(93, 68, 97, 1, 0.119341, 93, 5, '2026-02-12 12:04:32'),
(94, 68, 98, 1, 0.119341, 94, 5, '2026-02-12 12:04:32'),
(95, 68, 99, 1, 0.119341, 95, 5, '2026-02-12 12:04:32'),
(96, 68, 100, 1, 0.119341, 96, 5, '2026-02-12 12:04:32'),
(97, 68, 101, 1, 0.119341, 97, 5, '2026-02-12 12:04:32'),
(98, 68, 102, 1, 0.119341, 98, 5, '2026-02-12 12:04:32'),
(99, 68, 103, 1, 0.119341, 99, 5, '2026-02-12 12:04:32'),
(100, 68, 104, 1, 0.119341, 100, 5, '2026-02-12 12:04:32'),
(101, 68, 105, 1, 0.119341, 101, 5, '2026-02-12 12:04:32'),
(102, 68, 106, 1, 0.119341, 102, 5, '2026-02-12 12:04:32'),
(103, 68, 107, 1, 0.119341, 103, 5, '2026-02-12 12:04:32'),
(104, 68, 108, 1, 0.119341, 104, 5, '2026-02-12 12:04:32'),
(105, 68, 109, 1, 0.119341, 105, 5, '2026-02-12 12:04:32'),
(106, 68, 110, 1, 0.119341, 106, 5, '2026-02-12 12:04:32'),
(107, 68, 111, 1, 0.119341, 107, 5, '2026-02-12 12:04:32'),
(108, 68, 112, 1, 0.119341, 108, 5, '2026-02-12 12:04:32'),
(109, 68, 113, 1, 0.119341, 109, 5, '2026-02-12 12:04:32'),
(110, 68, 114, 1, 0.119341, 110, 5, '2026-02-12 12:04:32'),
(111, 68, 115, 1, 0.119341, 111, 5, '2026-02-12 12:04:32'),
(112, 68, 116, 1, 0.119341, 112, 5, '2026-02-12 12:04:32'),
(113, 68, 117, 1, 0.119341, 113, 5, '2026-02-12 12:04:32'),
(114, 68, 118, 1, 0.119341, 114, 5, '2026-02-12 12:04:32'),
(115, 68, 119, 1, 0.119341, 115, 5, '2026-02-12 12:04:32'),
(116, 68, 120, 1, 0.119341, 116, 5, '2026-02-12 12:04:32'),
(117, 68, 121, 1, 0.119341, 117, 5, '2026-02-12 12:04:32'),
(118, 68, 122, 1, 0.119341, 118, 5, '2026-02-12 12:04:32'),
(119, 68, 123, 1, 0.119341, 119, 5, '2026-02-12 12:04:32'),
(120, 68, 124, 1, 0.119341, 120, 5, '2026-02-12 12:04:32'),
(121, 68, 125, 1, 0.119341, 121, 5, '2026-02-12 12:04:32'),
(122, 68, 126, 1, 0.119341, 122, 5, '2026-02-12 12:04:32'),
(123, 68, 127, 1, 0.119341, 123, 5, '2026-02-12 12:04:32'),
(124, 68, 128, 1, 0.119341, 124, 5, '2026-02-12 12:04:32'),
(125, 68, 129, 1, 0.119341, 125, 5, '2026-02-12 12:04:32'),
(126, 68, 130, 1, 0.119341, 126, 5, '2026-02-12 12:04:32'),
(127, 68, 131, 1, 0.119341, 127, 5, '2026-02-12 12:04:32'),
(128, 68, 132, 1, 0.119341, 128, 5, '2026-02-12 12:04:32'),
(129, 68, 133, 1, 0.119341, 129, 5, '2026-02-12 12:04:32'),
(130, 68, 134, 1, 0.119341, 130, 5, '2026-02-12 12:04:32'),
(131, 68, 135, 1, 0.119341, 131, 5, '2026-02-12 12:04:32'),
(132, 68, 136, 1, 0.119341, 132, 5, '2026-02-12 12:04:32'),
(133, 68, 137, 1, 0.119341, 133, 5, '2026-02-12 12:04:32'),
(134, 68, 138, 1, 0.119341, 134, 5, '2026-02-12 12:04:32'),
(135, 68, 139, 1, 0.119341, 135, 5, '2026-02-12 12:04:32'),
(136, 68, 140, 1, 0.119341, 136, 5, '2026-02-12 12:04:32'),
(137, 68, 141, 1, 0.119341, 137, 5, '2026-02-12 12:04:32'),
(138, 68, 142, 1, 0.119341, 138, 5, '2026-02-12 12:04:32'),
(139, 68, 143, 1, 0.119341, 139, 5, '2026-02-12 12:04:32'),
(140, 68, 144, 1, 0.119341, 140, 5, '2026-02-12 12:04:32'),
(141, 68, 145, 1, 0.119341, 141, 5, '2026-02-12 12:04:32'),
(142, 68, 146, 1, 0.119341, 142, 5, '2026-02-12 12:04:32'),
(143, 68, 147, 2, 0.072169, 1, 5, '2026-02-12 12:04:32'),
(144, 68, 148, 2, 0.072169, 2, 5, '2026-02-12 12:04:32'),
(145, 68, 149, 2, 0.072169, 3, 5, '2026-02-12 12:04:32'),
(146, 68, 150, 2, 0.072169, 4, 5, '2026-02-12 12:04:32'),
(147, 68, 151, 2, 0.072169, 5, 5, '2026-02-12 12:04:32'),
(148, 68, 152, 2, 0.072169, 6, 5, '2026-02-12 12:04:32'),
(149, 68, 153, 2, 0.072169, 7, 5, '2026-02-12 12:04:32'),
(150, 68, 154, 1, 0.45801, 143, 4, '2026-02-12 12:04:32'),
(151, 68, 155, 1, 0.45801, 144, 4, '2026-02-12 12:04:32'),
(152, 68, 156, 1, 0.45801, 145, 4, '2026-02-12 12:04:32'),
(153, 68, 157, 1, 0.45801, 146, 4, '2026-02-12 12:04:32'),
(154, 68, 158, 1, 0.45801, 147, 4, '2026-02-12 12:04:32'),
(155, 68, 159, 1, 0.45801, 148, 4, '2026-02-12 12:04:32'),
(156, 68, 160, 1, 0.45801, 149, 4, '2026-02-12 12:04:32'),
(157, 68, 161, 1, 0.45801, 150, 4, '2026-02-12 12:04:32'),
(158, 68, 162, 1, 0.45801, 151, 4, '2026-02-12 12:04:32'),
(159, 68, 163, 1, 0.45801, 152, 4, '2026-02-12 12:04:32'),
(160, 68, 164, 1, 0.45801, 153, 4, '2026-02-12 12:04:32'),
(161, 68, 165, 1, 0.45801, 154, 4, '2026-02-12 12:04:32'),
(162, 68, 166, 1, 0.45801, 155, 4, '2026-02-12 12:04:32'),
(163, 68, 167, 1, 0.45801, 156, 4, '2026-02-12 12:04:32'),
(164, 68, 168, 1, 0.45801, 157, 4, '2026-02-12 12:04:32'),
(165, 68, 169, 1, 0.45801, 158, 4, '2026-02-12 12:04:32'),
(166, 68, 170, 1, 0.45801, 159, 4, '2026-02-12 12:04:32'),
(167, 68, 171, 1, 0.45801, 160, 4, '2026-02-12 12:04:32'),
(168, 68, 172, 1, 0.45801, 161, 4, '2026-02-12 12:04:32'),
(169, 68, 173, 1, 0.45801, 162, 4, '2026-02-12 12:04:32'),
(170, 68, 174, 1, 0.45801, 163, 4, '2026-02-12 12:04:32'),
(171, 68, 175, 1, 0.45801, 164, 4, '2026-02-12 12:04:32'),
(172, 68, 176, 1, 0.45801, 165, 4, '2026-02-12 12:04:32'),
(173, 68, 177, 1, 0.45801, 166, 4, '2026-02-12 12:04:32'),
(174, 68, 178, 1, 0.45801, 167, 4, '2026-02-12 12:04:32'),
(175, 68, 179, 1, 0.45801, 168, 4, '2026-02-12 12:04:32'),
(176, 68, 180, 1, 0.45801, 169, 4, '2026-02-12 12:04:32'),
(177, 68, 181, 1, 0.45801, 170, 4, '2026-02-12 12:04:32'),
(178, 68, 182, 1, 0.45801, 171, 4, '2026-02-12 12:04:32'),
(179, 68, 183, 1, 0.45801, 172, 4, '2026-02-12 12:04:32'),
(180, 68, 184, 1, 0.45801, 173, 4, '2026-02-12 12:04:32'),
(181, 68, 185, 1, 0.45801, 174, 4, '2026-02-12 12:04:32'),
(182, 68, 186, 1, 0.45801, 175, 4, '2026-02-12 12:04:32'),
(183, 68, 187, 1, 0.45801, 176, 4, '2026-02-12 12:04:32'),
(184, 68, 188, 1, 0.45801, 177, 4, '2026-02-12 12:04:32'),
(185, 68, 200, 1, 0.45801, 178, 4, '2026-02-12 12:04:32'),
(186, 68, 190, 1, 0.45801, 179, 4, '2026-02-12 12:04:32'),
(187, 68, 191, 2, 0.505181, 8, 4, '2026-02-12 12:04:32'),
(188, 68, 192, 3, 0.082479, 1, 3, '2026-02-12 12:04:32'),
(189, 68, 193, 3, 0.082479, 2, 3, '2026-02-12 12:04:32'),
(190, 68, 194, 3, 0.082479, 3, 3, '2026-02-12 12:04:32'),
(191, 68, 195, 3, 0.082479, 4, 3, '2026-02-12 12:04:32'),
(192, 68, 196, 3, 0.082479, 5, 3, '2026-02-12 12:04:32'),
(193, 68, 197, 3, 0.082479, 6, 3, '2026-02-12 12:04:32'),
(194, 68, 198, 3, 0.494872, 7, 2, '2026-02-12 12:04:32');

-- --------------------------------------------------------

--
-- Table structure for table `hasil_kuisioner`
--

CREATE TABLE `hasil_kuisioner` (
  `id_kuisioner` int(11) NOT NULL,
  `id_kafe` int(11) DEFAULT NULL,
  `rasa_kopi` float DEFAULT NULL,
  `pelayanan` float DEFAULT NULL,
  `fasilitas` float DEFAULT NULL,
  `suasana` float DEFAULT NULL,
  `harga` float DEFAULT NULL,
  `rating` float DEFAULT NULL,
  `nilai_wsm` float DEFAULT NULL,
  `created_at` datetime NOT NULL DEFAULT current_timestamp()
) ENGINE=InnoDB DEFAULT CHARSET=utf8mb4 COLLATE=utf8mb4_general_ci;

--
-- Dumping data for table `hasil_kuisioner`
--

INSERT INTO `hasil_kuisioner` (`id_kuisioner`, `id_kafe`, `rasa_kopi`, `pelayanan`, `fasilitas`, `suasana`, `harga`, `rating`, `nilai_wsm`, `created_at`) VALUES
(1, 5, 5, 5, 5, 5, 3, 5, 4.8, '2026-02-12 12:04:32'),
(2, 6, 5, 5, 5, 5, 3, 5, 4.8, '2026-02-12 12:04:32'),
(3, 7, 5, 5, 5, 5, 3, 5, 4.8, '2026-02-12 12:04:32'),
(4, 8, 5, 5, 5, 5, 3, 5, 4.8, '2026-02-12 12:04:32'),
(5, 9, 5, 5, 5, 5, 3, 5, 4.8, '2026-02-12 12:04:32'),
(6, 10, 5, 5, 5, 5, 3, 5, 4.8, '2026-02-12 12:04:32'),
(7, 11, 5, 5, 5, 5, 3, 5, 4.8, '2026-02-12 12:04:32'),
(8, 12, 5, 5, 5, 5, 3, 5, 4.8, '2026-02-12 12:04:32'),
(9, 13, 5, 5, 5, 5, 3, 5, 4.8, '2026-02-12 12:04:32'),
(10, 14, 5, 5, 5, 5, 3, 5, 4.8, '2026-02-12 12:04:32'),
(11, 15, 5, 5, 5, 5, 3, 5, 4.8, '2026-02-12 12:04:32'),
(12, 16, 5, 5, 5, 5, 3, 5, 4.8, '2026-02-12 12:04:32'),
(13, 17, 5, 5, 5, 5, 3, 5, 4.8, '2026-02-12 12:04:32'),
(14, 18, 5, 5, 5, 5, 3, 5, 4.8, '2026-02-12 12:04:32'),
(15, 19, 5, 5, 5, 5, 3, 5, 4.8, '2026-02-12 12:04:32'),
(16, 20, 5, 5, 5, 5, 3, 5, 4.8, '2026-02-12 12:04:32'),
(17, 21, 5, 5, 5, 5, 3, 5, 4.8, '2026-02-12 12:04:32'),
(18, 22, 5, 5, 5, 5, 3, 5, 4.8, '2026-02-12 12:04:32'),
(19, 199, 5, 5, 5, 5, 3, 5, 4.8, '2026-02-12 12:04:32'),
(20, 24, 5, 5, 5, 5, 3, 5, 4.8, '2026-02-12 12:04:32'),
(21, 25, 5, 5, 5, 5, 3, 5, 4.8, '2026-02-12 12:04:32'),
(22, 26, 5, 5, 5, 5, 3, 5, 4.8, '2026-02-12 12:04:32'),
(23, 27, 5, 5, 5, 5, 3, 5, 4.8, '2026-02-12 12:04:32'),
(24, 28, 5, 5, 5, 5, 3, 5, 4.8, '2026-02-12 12:04:32'),
(25, 29, 5, 5, 5, 5, 3, 5, 4.8, '2026-02-12 12:04:32'),
(26, 30, 5, 5, 5, 5, 3, 5, 4.8, '2026-02-12 12:04:32'),
(27, 31, 5, 5, 5, 5, 3, 5, 4.8, '2026-02-12 12:04:32'),
(28, 32, 5, 5, 5, 5, 3, 5, 4.8, '2026-02-12 12:04:32'),
(29, 33, 5, 5, 5, 5, 3, 5, 4.8, '2026-02-12 12:04:32'),
(30, 34, 5, 5, 5, 5, 3, 5, 4.8, '2026-02-12 12:04:32'),
(31, 35, 5, 5, 5, 5, 3, 5, 4.8, '2026-02-12 12:04:32'),
(32, 36, 5, 5, 5, 5, 3, 5, 4.8, '2026-02-12 12:04:32'),
(33, 37, 5, 5, 5, 5, 3, 5, 4.8, '2026-02-12 12:04:32'),
(34, 38, 5, 5, 5, 5, 3, 5, 4.8, '2026-02-12 12:04:32'),
(35, 39, 5, 5, 5, 5, 3, 5, 4.8, '2026-02-12 12:04:32'),
(36, 40, 5, 5, 5, 5, 3, 5, 4.8, '2026-02-12 12:04:32'),
(37, 41, 5, 5, 5, 5, 3, 5, 4.8, '2026-02-12 12:04:32'),
(38, 42, 5, 5, 5, 5, 3, 5, 4.8, '2026-02-12 12:04:32'),
(39, 43, 5, 5, 5, 5, 3, 5, 4.8, '2026-02-12 12:04:32'),
(40, 44, 5, 5, 5, 5, 3, 5, 4.8, '2026-02-12 12:04:32'),
(41, 45, 5, 5, 5, 5, 3, 5, 4.8, '2026-02-12 12:04:32'),
(42, 46, 5, 5, 5, 5, 3, 5, 4.8, '2026-02-12 12:04:32'),
(43, 47, 5, 5, 5, 5, 3, 5, 4.8, '2026-02-12 12:04:32'),
(44, 48, 5, 5, 5, 5, 3, 5, 4.8, '2026-02-12 12:04:32'),
(45, 49, 5, 5, 5, 5, 3, 5, 4.8, '2026-02-12 12:04:32'),
(46, 50, 5, 5, 5, 5, 3, 5, 4.8, '2026-02-12 12:04:32'),
(47, 51, 5, 5, 5, 5, 3, 5, 4.8, '2026-02-12 12:04:32'),
(48, 52, 5, 5, 5, 5, 3, 5, 4.8, '2026-02-12 12:04:32'),
(49, 53, 5, 5, 5, 5, 3, 5, 4.8, '2026-02-12 12:04:32'),
(50, 54, 5, 5, 5, 5, 3, 5, 4.8, '2026-02-12 12:04:32'),
(51, 55, 5, 5, 5, 5, 3, 5, 4.8, '2026-02-12 12:04:32'),
(52, 56, 5, 5, 5, 5, 3, 5, 4.8, '2026-02-12 12:04:32'),
(53, 57, 5, 5, 5, 5, 3, 5, 4.8, '2026-02-12 12:04:32'),
(54, 58, 5, 5, 5, 5, 3, 5, 4.8, '2026-02-12 12:04:32'),
(55, 59, 5, 5, 5, 5, 3, 5, 4.8, '2026-02-12 12:04:32'),
(56, 60, 5, 5, 5, 5, 3, 5, 4.8, '2026-02-12 12:04:32'),
(57, 61, 5, 5, 5, 5, 3, 5, 4.8, '2026-02-12 12:04:32'),
(58, 62, 5, 5, 5, 5, 3, 5, 4.8, '2026-02-12 12:04:32'),
(59, 63, 5, 5, 5, 5, 3, 5, 4.8, '2026-02-12 12:04:32'),
(60, 64, 5, 5, 5, 5, 3, 5, 4.8, '2026-02-12 12:04:32'),
(61, 65, 5, 5, 5, 5, 3, 5, 4.8, '2026-02-12 12:04:32'),
(62, 66, 5, 5, 5, 5, 3, 5, 4.8, '2026-02-12 12:04:32'),
(63, 67, 5, 5, 5, 5, 3, 5, 4.8, '2026-02-12 12:04:32'),
(64, 68, 5, 5, 5, 5, 3, 5, 4.8, '2026-02-12 12:04:32'),
(65, 69, 5, 5, 5, 5, 3, 5, 4.8, '2026-02-12 12:04:32'),
(66, 70, 5, 5, 5, 5, 3, 5, 4.8, '2026-02-12 12:04:32'),
(67, 71, 5, 5, 5, 5, 3, 5, 4.8, '2026-02-12 12:04:32'),
(68, 72, 5, 5, 5, 5, 3, 5, 4.8, '2026-02-12 12:04:32'),
(69, 73, 5, 5, 5, 5, 3, 5, 4.8, '2026-02-12 12:04:32'),
(70, 74, 5, 5, 5, 5, 3, 5, 4.8, '2026-02-12 12:04:32'),
(71, 75, 5, 5, 5, 5, 3, 5, 4.8, '2026-02-12 12:04:32'),
(72, 76, 5, 5, 5, 5, 3, 5, 4.8, '2026-02-12 12:04:32'),
(73, 77, 5, 5, 5, 5, 3, 5, 4.8, '2026-02-12 12:04:32'),
(74, 78, 5, 5, 5, 5, 3, 5, 4.8, '2026-02-12 12:04:32'),
(75, 79, 5, 5, 5, 5, 3, 5, 4.8, '2026-02-12 12:04:32'),
(76, 80, 5, 5, 5, 5, 3, 5, 4.8, '2026-02-12 12:04:32'),
(77, 81, 5, 5, 5, 5, 3, 5, 4.8, '2026-02-12 12:04:32'),
(78, 82, 5, 5, 5, 5, 3, 5, 4.8, '2026-02-12 12:04:32'),
(79, 83, 5, 5, 5, 5, 3, 5, 4.8, '2026-02-12 12:04:32'),
(80, 84, 5, 5, 5, 5, 3, 5, 4.8, '2026-02-12 12:04:32'),
(81, 85, 5, 5, 5, 5, 3, 5, 4.8, '2026-02-12 12:04:32'),
(82, 86, 5, 5, 5, 5, 3, 5, 4.8, '2026-02-12 12:04:32'),
(83, 87, 5, 5, 5, 5, 3, 5, 4.8, '2026-02-12 12:04:32'),
(84, 88, 5, 5, 5, 5, 3, 5, 4.8, '2026-02-12 12:04:32'),
(85, 89, 5, 5, 5, 5, 3, 5, 4.8, '2026-02-12 12:04:32'),
(86, 90, 5, 5, 5, 5, 3, 5, 4.8, '2026-02-12 12:04:32'),
(87, 91, 5, 5, 5, 5, 3, 5, 4.8, '2026-02-12 12:04:32'),
(88, 92, 5, 5, 5, 5, 3, 5, 4.8, '2026-02-12 12:04:32'),
(89, 93, 5, 5, 5, 5, 3, 5, 4.8, '2026-02-12 12:04:32'),
(90, 94, 5, 5, 5, 5, 3, 5, 4.8, '2026-02-12 12:04:32'),
(91, 95, 5, 5, 5, 5, 3, 5, 4.8, '2026-02-12 12:04:32'),
(92, 96, 5, 5, 5, 5, 3, 5, 4.8, '2026-02-12 12:04:32'),
(93, 97, 5, 5, 5, 5, 3, 5, 4.8, '2026-02-12 12:04:32'),
(94, 98, 5, 5, 5, 5, 3, 5, 4.8, '2026-02-12 12:04:32'),
(95, 99, 5, 5, 5, 5, 3, 5, 4.8, '2026-02-12 12:04:32'),
(96, 100, 5, 5, 5, 5, 3, 5, 4.8, '2026-02-12 12:04:32'),
(97, 101, 5, 5, 5, 5, 3, 5, 4.8, '2026-02-12 12:04:32'),
(98, 102, 5, 5, 5, 5, 3, 5, 4.8, '2026-02-12 12:04:32'),
(99, 103, 5, 5, 5, 5, 3, 5, 4.8, '2026-02-12 12:04:32'),
(100, 104, 5, 5, 5, 5, 3, 5, 4.8, '2026-02-12 12:04:32'),
(101, 105, 5, 5, 5, 5, 3, 5, 4.8, '2026-02-12 12:04:32'),
(102, 106, 5, 5, 5, 5, 3, 5, 4.8, '2026-02-12 12:04:32'),
(103, 107, 5, 5, 5, 5, 3, 5, 4.8, '2026-02-12 12:04:32'),
(104, 108, 5, 5, 5, 5, 3, 5, 4.8, '2026-02-12 12:04:32'),
(105, 109, 5, 5, 5, 5, 3, 5, 4.8, '2026-02-12 12:04:32'),
(106, 110, 5, 5, 5, 5, 3, 5, 4.8, '2026-02-12 12:04:32'),
(107, 111, 5, 5, 5, 5, 3, 5, 4.8, '2026-02-12 12:04:32'),
(108, 112, 5, 5, 5, 5, 3, 5, 4.8, '2026-02-12 12:04:32'),
(109, 113, 5, 5, 5, 5, 3, 5, 4.8, '2026-02-12 12:04:32'),
(110, 114, 5, 5, 5, 5, 3, 5, 4.8, '2026-02-12 12:04:32'),
(111, 115, 5, 5, 5, 5, 3, 5, 4.8, '2026-02-12 12:04:32'),
(112, 116, 5, 5, 5, 5, 3, 5, 4.8, '2026-02-12 12:04:32'),
(113, 117, 5, 5, 5, 5, 3, 5, 4.8, '2026-02-12 12:04:32'),
(114, 118, 5, 5, 5, 5, 3, 5, 4.8, '2026-02-12 12:04:32'),
(115, 119, 5, 5, 5, 5, 3, 5, 4.8, '2026-02-12 12:04:32'),
(116, 120, 5, 5, 5, 5, 3, 5, 4.8, '2026-02-12 12:04:32'),
(117, 121, 5, 5, 5, 5, 3, 5, 4.8, '2026-02-12 12:04:32'),
(118, 122, 5, 5, 5, 5, 3, 5, 4.8, '2026-02-12 12:04:32'),
(119, 123, 5, 5, 5, 5, 3, 5, 4.8, '2026-02-12 12:04:32'),
(120, 124, 5, 5, 5, 5, 3, 5, 4.8, '2026-02-12 12:04:32'),
(121, 125, 5, 5, 5, 5, 3, 5, 4.8, '2026-02-12 12:04:32'),
(122, 126, 5, 5, 5, 5, 3, 5, 4.8, '2026-02-12 12:04:32'),
(123, 127, 5, 5, 5, 5, 3, 5, 4.8, '2026-02-12 12:04:32'),
(124, 128, 5, 5, 5, 5, 3, 5, 4.8, '2026-02-12 12:04:32'),
(125, 129, 5, 5, 5, 5, 3, 5, 4.8, '2026-02-12 12:04:32'),
(126, 130, 5, 5, 5, 5, 3, 5, 4.8, '2026-02-12 12:04:32'),
(127, 131, 5, 5, 5, 5, 3, 5, 4.8, '2026-02-12 12:04:32'),
(128, 132, 5, 5, 5, 5, 3, 5, 4.8, '2026-02-12 12:04:32'),
(129, 133, 5, 5, 5, 5, 3, 5, 4.8, '2026-02-12 12:04:32'),
(130, 134, 5, 5, 5, 5, 3, 5, 4.8, '2026-02-12 12:04:32'),
(131, 135, 5, 5, 5, 5, 3, 5, 4.8, '2026-02-12 12:04:32'),
(132, 136, 5, 5, 5, 5, 3, 5, 4.8, '2026-02-12 12:04:32'),
(133, 137, 5, 5, 5, 5, 3, 5, 4.8, '2026-02-12 12:04:32'),
(134, 138, 5, 5, 5, 5, 3, 5, 4.8, '2026-02-12 12:04:32'),
(135, 139, 5, 5, 5, 5, 3, 5, 4.8, '2026-02-12 12:04:32'),
(136, 140, 5, 5, 5, 5, 3, 5, 4.8, '2026-02-12 12:04:32'),
(137, 141, 5, 5, 5, 5, 3, 5, 4.8, '2026-02-12 12:04:32'),
(138, 142, 5, 5, 5, 5, 3, 5, 4.8, '2026-02-12 12:04:32'),
(139, 143, 5, 5, 5, 5, 3, 5, 4.8, '2026-02-12 12:04:32'),
(140, 144, 5, 5, 5, 5, 3, 5, 4.8, '2026-02-12 12:04:32'),
(141, 145, 5, 5, 5, 5, 3, 5, 4.8, '2026-02-12 12:04:32'),
(142, 146, 5, 5, 5, 5, 3, 5, 4.8, '2026-02-12 12:04:32'),
(143, 147, 5, 5, 4, 5, 3, 5, 4.65, '2026-02-12 12:04:32'),
(144, 148, 5, 5, 4, 5, 3, 5, 4.65, '2026-02-12 12:04:32'),
(145, 149, 5, 5, 4, 5, 3, 5, 4.65, '2026-02-12 12:04:32'),
(146, 150, 5, 5, 4, 5, 3, 5, 4.65, '2026-02-12 12:04:32'),
(147, 151, 5, 5, 4, 5, 3, 5, 4.65, '2026-02-12 12:04:32'),
(148, 152, 5, 5, 4, 5, 3, 5, 4.65, '2026-02-12 12:04:32'),
(149, 153, 5, 5, 4, 5, 3, 5, 4.65, '2026-02-12 12:04:32'),
(150, 154, 4, 4, 5, 4, 3, 4, 4.05, '2026-02-12 12:04:32'),
(151, 155, 4, 4, 5, 4, 3, 4, 4.05, '2026-02-12 12:04:32'),
(152, 156, 4, 4, 5, 4, 3, 4, 4.05, '2026-02-12 12:04:32'),
(153, 157, 4, 4, 5, 4, 3, 4, 4.05, '2026-02-12 12:04:32'),
(154, 158, 4, 4, 5, 4, 3, 4, 4.05, '2026-02-12 12:04:32'),
(155, 159, 4, 4, 5, 4, 3, 4, 4.05, '2026-02-12 12:04:32'),
(156, 160, 4, 4, 5, 4, 3, 4, 4.05, '2026-02-12 12:04:32'),
(157, 161, 4, 4, 5, 4, 3, 4, 4.05, '2026-02-12 12:04:32'),
(158, 162, 4, 4, 5, 4, 3, 4, 4.05, '2026-02-12 12:04:32'),
(159, 163, 4, 4, 5, 4, 3, 4, 4.05, '2026-02-12 12:04:32'),
(160, 164, 4, 4, 5, 4, 3, 4, 4.05, '2026-02-12 12:04:32'),
(161, 165, 4, 4, 5, 4, 3, 4, 4.05, '2026-02-12 12:04:32'),
(162, 166, 4, 4, 5, 4, 3, 4, 4.05, '2026-02-12 12:04:32'),
(163, 167, 4, 4, 5, 4, 3, 4, 4.05, '2026-02-12 12:04:32'),
(164, 168, 4, 4, 5, 4, 3, 4, 4.05, '2026-02-12 12:04:32'),
(165, 169, 4, 4, 5, 4, 3, 4, 4.05, '2026-02-12 12:04:32'),
(166, 170, 4, 4, 5, 4, 3, 4, 4.05, '2026-02-12 12:04:32'),
(167, 171, 4, 4, 5, 4, 3, 4, 4.05, '2026-02-12 12:04:32'),
(168, 172, 4, 4, 5, 4, 3, 4, 4.05, '2026-02-12 12:04:32'),
(169, 173, 4, 4, 5, 4, 3, 4, 4.05, '2026-02-12 12:04:32'),
(170, 174, 4, 4, 5, 4, 3, 4, 4.05, '2026-02-12 12:04:32'),
(171, 175, 4, 4, 5, 4, 3, 4, 4.05, '2026-02-12 12:04:32'),
(172, 176, 4, 4, 5, 4, 3, 4, 4.05, '2026-02-12 12:04:32'),
(173, 177, 4, 4, 5, 4, 3, 4, 4.05, '2026-02-12 12:04:32'),
(174, 178, 4, 4, 5, 4, 3, 4, 4.05, '2026-02-12 12:04:32'),
(175, 179, 4, 4, 5, 4, 3, 4, 4.05, '2026-02-12 12:04:32'),
(176, 180, 4, 4, 5, 4, 3, 4, 4.05, '2026-02-12 12:04:32'),
(177, 181, 4, 4, 5, 4, 3, 4, 4.05, '2026-02-12 12:04:32'),
(178, 182, 4, 4, 5, 4, 3, 4, 4.05, '2026-02-12 12:04:32'),
(179, 183, 4, 4, 5, 4, 3, 4, 4.05, '2026-02-12 12:04:32'),
(180, 184, 4, 4, 5, 4, 3, 4, 4.05, '2026-02-12 12:04:32'),
(181, 185, 4, 4, 5, 4, 3, 4, 4.05, '2026-02-12 12:04:32'),
(182, 186, 4, 4, 5, 4, 3, 4, 4.05, '2026-02-12 12:04:32'),
(183, 187, 4, 4, 5, 4, 3, 4, 4.05, '2026-02-12 12:04:32'),
(184, 188, 4, 4, 5, 4, 3, 4, 4.05, '2026-02-12 12:04:32'),
(185, 200, 4, 4, 5, 4, 3, 4, 4.05, '2026-02-12 12:04:32'),
(186, 190, 4, 4, 5, 4, 3, 4, 4.05, '2026-02-12 12:04:32'),
(187, 191, 4, 4, 4, 4, 3, 4, 3.9, '2026-02-12 12:04:32'),
(188, 192, 3, 3, 5, 3, 3, 3, 3.3, '2026-02-12 12:04:32'),
(189, 193, 3, 3, 5, 3, 3, 3, 3.3, '2026-02-12 12:04:32'),
(190, 194, 3, 3, 5, 3, 3, 3, 3.3, '2026-02-12 12:04:32'),
(191, 195, 3, 3, 5, 3, 3, 3, 3.3, '2026-02-12 12:04:32'),
(192, 196, 3, 3, 5, 3, 3, 3, 3.3, '2026-02-12 12:04:32'),
(193, 197, 3, 3, 5, 3, 3, 3, 3.3, '2026-02-12 12:04:32'),
(194, 198, 2, 2, 5, 2, 3, 2, 2.55, '2026-02-12 12:04:32');

-- --------------------------------------------------------

--
-- Table structure for table `kafe`
--

CREATE TABLE `kafe` (
  `id_kafe` int(11) NOT NULL,
  `nama_kafe` varchar(100) NOT NULL,
  `alamat` text DEFAULT NULL,
  `harga_terendah` int(11) DEFAULT NULL,
  `harga_tertinggi` int(11) DEFAULT NULL,
  `foto_kafe` varchar(255) DEFAULT NULL
) ENGINE=InnoDB DEFAULT CHARSET=utf8mb4 COLLATE=utf8mb4_general_ci;

--
-- Dumping data for table `kafe`
--

INSERT INTO `kafe` (`id_kafe`, `nama_kafe`, `alamat`, `harga_terendah`, `harga_tertinggi`, `foto_kafe`) VALUES
(5, '20 Kopi Purnawirawan', 'Belum diisi', 1, 1, 'default.jpg'),
(6, 'Mizzyu Coffee', 'Belum diisi', 1, 1, 'default.jpg'),
(7, 'Moore Coffee & Pastry', 'Belum diisi', 1, 1, 'default.jpg'),
(8, 'Moro Loko', 'Belum diisi', 1, 1, 'default.jpg'),
(9, 'Muara Cafe & Sapace', 'Belum diisi', 1, 1, 'default.jpg'),
(10, 'Mujur Coffee', 'Belum diisi', 1, 1, 'default.jpg'),
(11, 'Nako Coffee Shop', 'Belum diisi', 1, 1, 'default.jpg'),
(12, 'Nopi Kopi Cafe', 'Belum diisi', 1, 1, 'default.jpg'),
(13, 'Mikano Kopi', 'Belum diisi', 1, 1, 'default.jpg'),
(14, 'Nuju Coffe Pahoman', 'Belum diisi', 1, 1, 'default.jpg'),
(15, 'Nuju Coffee Hq', 'Belum diisi', 1, 1, 'default.jpg'),
(16, 'Nuju Coffee Gedong Air', 'Belum diisi', 1, 1, 'default.jpg'),
(17, 'Nuju Coffee Kedaton', 'Belum diisi', 1, 1, 'default.jpg'),
(18, 'Nuju Coffee Kemiling', 'Belum diisi', 1, 1, 'default.jpg'),
(19, 'Nuju Coffee Rajabasa', 'Belum diisi', 1, 1, 'default.jpg'),
(20, 'Nuju Coffee Sudirman', 'Belum diisi', 1, 1, 'default.jpg'),
(21, 'Nuju Coffee Sukarame', 'Belum diisi', 1, 1, 'default.jpg'),
(22, 'Nuju Coffee & Space', 'Belum diisi', 1, 1, 'default.jpg'),
(23, 'Marley\'s Cafe Coffee& Resto', 'Belum diisi', 1, 1, 'default.jpg'),
(24, 'Manca Lite', 'Belum diisi', 1, 1, 'default.jpg'),
(25, 'Mahira Coffee', 'Belum diisi', 1, 1, 'default.jpg'),
(26, 'Kopi Ketje Experience', 'Belum diisi', 1, 1, 'default.jpg'),
(27, 'Kopi Ketje Korpri', 'Belum diisi', 1, 1, 'default.jpg'),
(28, 'Kopi Ketje Panglima Polim', 'Belum diisi', 1, 1, 'default.jpg'),
(29, 'Kopi Ketje Pramuka', 'Belum diisi', 1, 1, 'default.jpg'),
(30, 'Kopi Ketje Teluk', 'Belum diisi', 1, 1, 'default.jpg'),
(31, 'Kopi Sheo Pagar Alam', 'Belum diisi', 1, 1, 'default.jpg'),
(32, 'Zet Coffee', 'Belum diisi', 1, 1, 'default.jpg'),
(33, 'Kopi Sudut Bandar Lampung', 'Belum diisi', 1, 1, 'default.jpg'),
(34, 'Kopi Tujuan Kita Cafe & Working Space', 'Belum diisi', 1, 1, 'default.jpg'),
(35, 'Kopikorkanmu', 'Belum diisi', 1, 1, 'default.jpg'),
(36, 'Kowen Coffee', 'Belum diisi', 1, 1, 'default.jpg'),
(37, 'Kyafe', 'Belum diisi', 1, 1, 'default.jpg'),
(38, 'La Ko Pi Cafe & Hangout Spot', 'Belum diisi', 1, 1, 'default.jpg'),
(39, 'La Vissuon', 'Belum diisi', 1, 1, 'default.jpg'),
(40, 'Langit Kopi', 'Belum diisi', 1, 1, 'default.jpg'),
(41, 'Lex Coffee', 'Belum diisi', 1, 1, 'default.jpg'),
(42, 'Liqo', 'Belum diisi', 1, 1, 'default.jpg'),
(43, 'Oma Backyard', 'Belum diisi', 1, 1, 'default.jpg'),
(44, 'Kopi Kenangan Antasari', 'Belum diisi', 1, 1, 'default.jpg'),
(45, 'Oma Backyard Gatsu Coffee & Co', 'Belum diisi', 1, 1, 'default.jpg'),
(46, 'Panorama Coffee', 'Belum diisi', 1, 1, 'default.jpg'),
(47, 'Titik Balik', 'Belum diisi', 1, 1, 'default.jpg'),
(48, 'Laidback Café', 'Belum diisi', 1, 1, 'default.jpg'),
(49, 'Toko Mansure', 'Belum diisi', 1, 1, 'default.jpg'),
(50, 'Tokopi Leipe', 'Belum diisi', 1, 1, 'default.jpg'),
(51, 'Tomoro Coffee Kemiling', 'Belum diisi', 1, 1, 'default.jpg'),
(52, 'Tomoro Coffee Pramuka', 'Belum diisi', 1, 1, 'default.jpg'),
(53, 'Tomoro Coffee Raden Intan', 'Belum diisi', 1, 1, 'default.jpg'),
(54, 'The Palm', 'Belum diisi', 1, 1, 'default.jpg'),
(55, 'Tomoro Coffee Teuku Umar', 'Belum diisi', 1, 1, 'default.jpg'),
(56, 'Tonecoffee.id', 'Belum diisi', 1, 1, 'default.jpg'),
(57, 'Tukamu Coffee & Tea House No.1', 'Belum diisi', 1, 1, 'default.jpg'),
(58, 'Tukamu Coffee & Tea House No.2', 'Belum diisi', 1, 1, 'default.jpg'),
(59, 'Tukamu Coffee & Tea House No.3', 'Belum diisi', 1, 1, 'default.jpg'),
(60, 'Vezco Sultan Agung', 'Belum diisi', 1, 1, 'default.jpg'),
(61, 'Warkomunal', 'Belum diisi', 1, 1, 'default.jpg'),
(62, 'Warkop Jasund', 'Belum diisi', 1, 1, 'default.jpg'),
(63, 'Tomoro Coffee Unila', 'Belum diisi', 1, 1, 'default.jpg'),
(64, 'The Oliv', 'Belum diisi', 1, 1, 'default.jpg'),
(65, 'The Habits Coffee', 'Belum diisi', 1, 1, 'default.jpg'),
(66, 'The Gade Coffee & Gold Lampung', 'Belum diisi', 1, 1, 'default.jpg'),
(67, 'Peachy Keen Bar', 'Belum diisi', 1, 1, 'default.jpg'),
(68, 'Pm Coffee', 'Belum diisi', 1, 1, 'default.jpg'),
(69, 'Podcast Coffee', 'Belum diisi', 1, 1, 'default.jpg'),
(70, 'Point Coffee', 'Belum diisi', 1, 1, 'default.jpg'),
(71, 'Poyz Coffee', 'Belum diisi', 1, 1, 'default.jpg'),
(72, 'Qalu Coffee', 'Belum diisi', 1, 1, 'default.jpg'),
(73, 'Sakara Coffee', 'Belum diisi', 1, 1, 'default.jpg'),
(74, 'Se.ndja', 'Belum diisi', 1, 1, 'default.jpg'),
(75, 'Shots Coffee', 'Belum diisi', 1, 1, 'default.jpg'),
(76, 'Sinia Coffee', 'Belum diisi', 1, 1, 'default.jpg'),
(77, 'Starbucks Ahmad Yani', 'Belum diisi', 1, 1, 'default.jpg'),
(78, 'Starbucks Antasari', 'Belum diisi', 1, 1, 'default.jpg'),
(79, 'Stone Coffee', 'Belum diisi', 1, 1, 'default.jpg'),
(80, 'Stop One Cafe', 'Belum diisi', 1, 1, 'default.jpg'),
(81, 'Sugarnishe Coffee', 'Belum diisi', 1, 1, 'default.jpg'),
(82, 'Sure Coffee', 'Belum diisi', 1, 1, 'default.jpg'),
(83, 'Tarra Coffee', 'Belum diisi', 1, 1, 'default.jpg'),
(84, 'One Shoot Coffee', 'Belum diisi', 1, 1, 'default.jpg'),
(85, 'Kopi Kenangan Ahmad Yani', 'Belum diisi', 1, 1, 'default.jpg'),
(86, 'Zozo Garden', 'One Piece', 1, 1, '698d2cc683a8f.jpg'),
(87, 'Djawara', 'Belum diisi', 1, 1, 'default.jpg'),
(88, 'Faste Coffee Rajabasa', 'Belum diisi', 1, 1, 'default.jpg'),
(89, 'Faste Coffee Kedaton', 'Belum diisi', 1, 1, 'default.jpg'),
(90, 'Bun Kopi Pahoman', 'Belum diisi', 1, 1, 'default.jpg'),
(91, 'Faste Coffee Ahmad Yani', 'Belum diisi', 1, 1, 'default.jpg'),
(92, 'Aimo By Daja', 'Belum diisi', 1, 1, 'default.jpg'),
(93, 'Enpos Coffee', 'Belum diisi', 1, 1, 'default.jpg'),
(94, 'Els Coffee Roastery', 'Belum diisi', 1, 1, 'default.jpg'),
(95, 'Around The Eighty Eight', 'Belum diisi', 1, 1, 'default.jpg'),
(96, 'Backyard Milkbar', 'Belum diisi', 1, 1, 'default.jpg'),
(97, 'Els Coffee Lampung Walk', 'Belum diisi', 1, 1, 'default.jpg'),
(98, 'Els Coffee House', 'Belum diisi', 1, 1, 'default.jpg'),
(99, 'Dunno Coffee', 'Belum diisi', 1, 1, 'default.jpg'),
(100, 'Dr. Koffie Sukarame', 'Belum diisi', 1, 1, 'default.jpg'),
(101, 'Dotuku Kopi', 'Belum diisi', 1, 1, 'default.jpg'),
(102, 'Doesoen Coffee', 'Belum diisi', 1, 1, 'default.jpg'),
(103, 'Kongko Kopitiam', 'Belum diisi', 1, 1, 'default.jpg'),
(104, 'Dazzler Store & Coffee', 'Belum diisi', 1, 1, 'default.jpg'),
(105, 'Bun Kopi Rawa Laut', 'Belum diisi', 1, 1, 'default.jpg'),
(106, 'Bun Kopi Unila', 'Belum diisi', 1, 1, 'default.jpg'),
(107, 'Bun Kopi Wayhalim', 'Belum diisi', 1, 1, 'default.jpg'),
(108, 'Cabrio Coffee Itera', 'Belum diisi', 1, 1, 'default.jpg'),
(109, 'Bun Kopi Korpi', 'Belum diisi', 1, 1, 'default.jpg'),
(110, 'Cafe Janji Surga 2', 'Belum diisi', 1, 1, 'default.jpg'),
(111, 'Faste Coffee Signature', 'Belum diisi', 1, 1, 'default.jpg'),
(112, 'Cafe Kiyo', 'Belum diisi', 1, 1, 'default.jpg'),
(113, 'Boja Coffee', 'Belum diisi', 1, 1, 'default.jpg'),
(114, 'Bento Kopi', 'Belum diisi', 1, 1, 'default.jpg'),
(115, 'Coffee Shop Jangdoel', 'Belum diisi', 1, 1, 'default.jpg'),
(116, 'Benefit Coffee & Space', 'Belum diisi', 1, 1, 'default.jpg'),
(117, 'Daja', 'Belum diisi', 1, 1, 'default.jpg'),
(118, 'Benefit Coffee & Sapace Sukarame', 'Belum diisi', 1, 1, 'default.jpg'),
(119, 'Bun Kopi Kedaton', 'Belum diisi', 1, 1, 'default.jpg'),
(120, 'Faste Coffee Unila', 'Belum diisi', 1, 1, 'default.jpg'),
(121, 'Faste Coffee Enggal', 'Belum diisi', 1, 1, 'default.jpg'),
(122, 'Bun Kopi Marotai', 'Belum diisi', 1, 1, 'default.jpg'),
(123, 'Kiyo Pahoman', 'Belum diisi', 1, 1, 'default.jpg'),
(124, '20 Kopi Rawa Laut', 'Belum diisi', 1, 1, 'default.jpg'),
(125, 'Kedai Kopi Kini', 'Belum diisi', 1, 1, 'default.jpg'),
(126, '20 Kopi Teuku Umar', 'Belum diisi', 1, 1, 'default.jpg'),
(127, '20 Kopi Tritayasa', 'Belum diisi', 1, 1, 'default.jpg'),
(128, '20 Kopi Wolter Monginsidi', 'Belum diisi', 1, 1, 'default.jpg'),
(129, 'Kedai Atap', 'Belum diisi', 1, 1, 'default.jpg'),
(130, 'Katama Coffee & Space', 'Belum diisi', 1, 1, 'default.jpg'),
(131, '20+ Kopi Pramuka', 'Belum diisi', 1, 1, 'default.jpg'),
(132, 'Flambojan', 'Belum diisi', 1, 1, 'default.jpg'),
(133, 'Kali Cafe', 'Belum diisi', 1, 1, 'default.jpg'),
(134, 'Kala Coffee & Space', 'Belum diisi', 1, 1, 'default.jpg'),
(135, '52 Resonance', 'Belum diisi', 1, 1, 'default.jpg'),
(136, '411.foureleven', 'Belum diisi', 1, 1, 'default.jpg'),
(137, 'Fore Coffee Ahmad Yani', 'Belum diisi', 1, 1, 'default.jpg'),
(138, 'Jebe Coffee Express', 'Belum diisi', 1, 1, 'default.jpg'),
(139, 'Fore Coffee Antasari', 'Belum diisi', 1, 1, 'default.jpg'),
(140, 'Adiksi Coffee Korpri', 'Belum diisi', 1, 1, 'default.jpg'),
(141, 'Janji Jiwa Unila', 'Belum diisi', 1, 1, 'default.jpg'),
(142, 'Kl Coffee Indonesia', 'Belum diisi', 1, 1, 'default.jpg'),
(143, '20 Kopi Ratu Langi', 'Belum diisi', 1, 1, 'default.jpg'),
(144, 'Hum! Collaboration Space', 'Belum diisi', 1, 1, 'default.jpg'),
(145, 'Hoffmann Lane', 'Belum diisi', 1, 1, 'default.jpg'),
(146, 'Kolo Garden', 'Belum diisi', 1, 1, 'default.jpg'),
(147, 'Jenggala Coffee And Brew', 'Belum diisi', 1, 1, 'default.jpg'),
(148, 'Fore Coffee Mbk', 'Belum diisi', 1, 1, 'default.jpg'),
(149, 'Starbucks Mbk', 'Belum diisi', 1, 1, 'default.jpg'),
(150, 'One More Coffee', 'Belum diisi', 1, 1, 'default.jpg'),
(151, 'Small Block Coffee', 'Belum diisi', 1, 1, 'default.jpg'),
(152, 'Kopi Ketje Mall Kartini', 'Belum diisi', 1, 1, 'default.jpg'),
(153, 'Kopi Tempat Ketiga Sukarame', 'Belum diisi', 1, 1, 'default.jpg'),
(154, '20 Kopi Sultan Agung', 'Belum diisi', 1, 1, 'default.jpg'),
(155, 'Tomoro Coffee Antasari', 'Belum diisi', 1, 1, 'default.jpg'),
(156, 'Tazza Signature', 'Belum diisi', 1, 1, 'default.jpg'),
(157, 'Test Coffee17', 'Belum diisi', 1, 1, 'default.jpg'),
(158, 'Thamie Pahoman', 'Belum diisi', 1, 1, 'default.jpg'),
(159, '24 Degress', 'Belum diisi', 1, 1, 'default.jpg'),
(160, 'Theree Nine Coffee & Eatery', 'Belum diisi', 1, 1, 'default.jpg'),
(161, '9.1 Coffee', 'Belum diisi', 1, 1, 'default.jpg'),
(162, 'Tomoro Coffee Pahoman', 'Belum diisi', 1, 1, 'default.jpg'),
(163, 'Adiksi Coffee Purnawirawan', 'Belum diisi', 1, 1, 'default.jpg'),
(164, 'Vezco Gedong Air', 'Belum diisi', 1, 1, 'default.jpg'),
(165, 'The Pearl', 'Belum diisi', 1, 1, 'default.jpg'),
(166, 'Kopi Janji Jiwa Imam Bonjol', 'Belum diisi', 1, 1, 'default.jpg'),
(167, 'Manca Eatery', 'Belum diisi', 1, 1, 'default.jpg'),
(168, 'Kopi Kenangan Kedaton', 'Belum diisi', 1, 1, 'default.jpg'),
(169, 'Kiyo Time Pramuka', 'Belum diisi', 1, 1, 'default.jpg'),
(170, 'Kiyo Libare Korpri & 51 Carwash', 'Belum diisi', 1, 1, 'default.jpg'),
(171, 'Kiyo Libare', 'Belum diisi', 1, 1, 'default.jpg'),
(172, 'Kopi Koccok', 'Belum diisi', 1, 1, 'default.jpg'),
(173, 'Kopi Oey Lampung', 'Belum diisi', 1, 1, 'default.jpg'),
(174, 'Kopi Sheo X Donat Eo Antasari', 'Belum diisi', 1, 1, 'default.jpg'),
(175, 'Kafe Santurasi', 'Belum diisi', 1, 1, 'default.jpg'),
(176, 'Janji Jiwa & Jiwa Toast Sukarame', 'Belum diisi', 1, 1, 'default.jpg'),
(177, 'Cabrio Premier Coffee', 'Belum diisi', 1, 1, 'default.jpg'),
(178, 'Flipflop Coffee', 'Belum diisi', 1, 1, 'default.jpg'),
(179, 'Nnoko Café', 'Belum diisi', 1, 1, 'default.jpg'),
(180, 'Kopi Sheo X Dinat Eo Kemiling', 'Belum diisi', 1, 1, 'default.jpg'),
(181, 'Els Coffee Raden Inten Ii', 'Belum diisi', 1, 1, 'default.jpg'),
(182, 'Rumah Kawan 3', 'Belum diisi', 1, 1, 'default.jpg'),
(183, 'Cafe Kolo', 'Belum diisi', 1, 1, 'default.jpg'),
(184, 'Cafe Kopi Legend', 'Belum diisi', 1, 1, 'default.jpg'),
(185, 'Notiz Hut', 'Belum diisi', 1, 1, 'default.jpg'),
(186, 'Day One Coffee', 'Belum diisi', 1, 1, 'default.jpg'),
(187, 'Dahareun', 'Belum diisi', 1, 1, 'default.jpg'),
(188, 'Panacea Coffee', 'Belum diisi', 1, 1, 'default.jpg'),
(189, 'D\'jaya House', 'Belum diisi', 1, 1, 'default.jpg'),
(190, 'Els Coffee Mbk', 'Belum diisi', 1, 1, 'default.jpg'),
(191, 'Kopi Tempat Ketiga', 'Belum diisi', 1, 1, 'default.jpg'),
(192, 'Kopitiam Uncle', 'Belum diisi', 1, 1, 'default.jpg'),
(193, 'Ice & Coffee', 'Belum diisi', 1, 1, 'default.jpg'),
(194, 'Rumah Kawan', 'Belum diisi', 1, 1, 'default.jpg'),
(195, 'Rumah Kawan 2', 'Belum diisi', 1, 1, 'default.jpg'),
(196, 'Yaba House', 'Belum diisi', 20000, 50000, 'default.jpg'),
(197, 'Rumah Kawan 4', 'Belum diisi', 1, 1, 'default.jpg'),
(198, 'Kopi Ketje Unila', 'Belum diisi', 1, 1, 'default.jpg'),
(199, 'Marleys’s Cafe Coffee& Resto', 'Belum diisi', 1, 1, 'default.jpg'),
(200, 'D’jaya House', 'Belum diisi', 1, 1, 'default.jpg'),
(201, '20 Kopi Purnawirawan;5;5;5;5;3;5', 'Belum diisi', 1, 1, 'default.jpg'),
(202, 'Mizzyu Coffee;5;5;5;5;3;5', 'Belum diisi', 1, 1, 'default.jpg'),
(203, 'Moore Coffee & Pastry;5;5;5;5;3;5', 'Belum diisi', 1, 1, 'default.jpg'),
(204, 'Moro Loko;5;5;5;5;3;5', 'Belum diisi', 1, 1, 'default.jpg'),
(205, 'Muara Cafe & Sapace;5;5;5;5;3;5', 'Belum diisi', 1, 1, 'default.jpg'),
(206, 'Mujur Coffee;5;5;5;5;3;5', 'Belum diisi', 1, 1, 'default.jpg'),
(207, 'Nako Coffee Shop;5;5;5;5;3;5', 'Belum diisi', 1, 1, 'default.jpg'),
(208, 'Nopi Kopi Cafe;5;5;5;5;3;5', 'Belum diisi', 1, 1, 'default.jpg'),
(209, 'Mikano Kopi;5;5;5;5;3;5', 'Belum diisi', 1, 1, 'default.jpg'),
(210, 'Nuju Coffe Pahoman;5;5;5;5;3;5', 'Belum diisi', 1, 1, 'default.jpg'),
(211, 'Nuju Coffee Hq;5;5;5;5;3;5', 'Belum diisi', 1, 1, 'default.jpg'),
(212, 'Nuju Coffee Gedong Air;5;5;5;5;3;5', 'Belum diisi', 1, 1, 'default.jpg'),
(213, 'Nuju Coffee Kedaton;5;5;5;5;3;5', 'Belum diisi', 1, 1, 'default.jpg'),
(214, 'Nuju Coffee Kemiling;5;5;5;5;3;5', 'Belum diisi', 1, 1, 'default.jpg'),
(215, 'Nuju Coffee Rajabasa;5;5;5;5;3;5', 'Belum diisi', 1, 1, 'default.jpg'),
(216, 'Nuju Coffee Sudirman;5;5;5;5;3;5', 'Belum diisi', 1, 1, 'default.jpg'),
(217, 'Nuju Coffee Sukarame;5;5;5;5;3;5', 'Belum diisi', 1, 1, 'default.jpg'),
(218, 'Nuju Coffee & Space;5;5;5;5;3;5', 'Belum diisi', 1, 1, 'default.jpg'),
(219, 'Marleys’s Cafe Coffee& Resto;5;5;5;5;3;5', 'Belum diisi', 1, 1, 'default.jpg'),
(220, 'Manca Lite;5;5;5;5;3;5', 'Belum diisi', 1, 1, 'default.jpg'),
(221, 'Mahira Coffee;5;5;5;5;3;5', 'Belum diisi', 1, 1, 'default.jpg'),
(222, 'Kopi Ketje Experience;5;5;5;5;3;5', 'Belum diisi', 1, 1, 'default.jpg'),
(223, 'Kopi Ketje Korpri;5;5;5;5;3;5', 'Belum diisi', 1, 1, 'default.jpg'),
(224, 'Kopi Ketje Panglima Polim;5;5;5;5;3;5', 'Belum diisi', 1, 1, 'default.jpg'),
(225, 'Kopi Ketje Pramuka;5;5;5;5;3;5', 'Belum diisi', 1, 1, 'default.jpg'),
(226, 'Kopi Ketje Teluk;5;5;5;5;3;5', 'Belum diisi', 1, 1, 'default.jpg'),
(227, 'Kopi Sheo Pagar Alam;5;5;5;5;3;5', 'Belum diisi', 1, 1, 'default.jpg'),
(228, 'Zet Coffee;5;5;5;5;3;5', 'Belum diisi', 1, 1, 'default.jpg'),
(229, 'Kopi Sudut Bandar Lampung;5;5;5;5;3;5', 'Belum diisi', 1, 1, 'default.jpg'),
(230, 'Kopi Tujuan Kita Cafe & Working Space;5;5;5;5;3;5', 'Belum diisi', 1, 1, 'default.jpg'),
(231, 'Kopikorkanmu;5;5;5;5;3;5', 'Belum diisi', 1, 1, 'default.jpg'),
(232, 'Kowen Coffee;5;5;5;5;3;5', 'Belum diisi', 1, 1, 'default.jpg'),
(233, 'Kyafe;5;5;5;5;3;5', 'Belum diisi', 1, 1, 'default.jpg'),
(234, 'La Ko Pi Cafe & Hangout Spot;5;5;5;5;3;5', 'Belum diisi', 1, 1, 'default.jpg'),
(235, 'La Vissuon;5;5;5;5;3;5', 'Belum diisi', 1, 1, 'default.jpg'),
(236, 'Langit Kopi;5;5;5;5;3;5', 'Belum diisi', 1, 1, 'default.jpg'),
(237, 'Lex Coffee;5;5;5;5;3;5', 'Belum diisi', 1, 1, 'default.jpg'),
(238, 'Liqo;5;5;5;5;3;5', 'Belum diisi', 1, 1, 'default.jpg'),
(239, 'Oma Backyard;5;5;5;5;3;5', 'Belum diisi', 1, 1, 'default.jpg'),
(240, 'Kopi Kenangan Antasari;5;5;5;5;3;5', 'Belum diisi', 1, 1, 'default.jpg'),
(241, 'Oma Backyard Gatsu Coffee & Co;5;5;5;5;3;5', 'Belum diisi', 1, 1, 'default.jpg'),
(242, 'Panorama Coffee;5;5;5;5;3;5', 'Belum diisi', 1, 1, 'default.jpg'),
(243, 'Titik Balik;5;5;5;5;3;5', 'Belum diisi', 1, 1, 'default.jpg'),
(244, 'Laidback Café;5;5;5;5;3;5', 'Belum diisi', 1, 1, 'default.jpg'),
(245, 'Toko Mansure;5;5;5;5;3;5', 'Belum diisi', 1, 1, 'default.jpg'),
(246, 'Tokopi Leipe;5;5;5;5;3;5', 'Belum diisi', 1, 1, 'default.jpg'),
(247, 'Tomoro Coffee Kemiling;5;5;5;5;3;5', 'Belum diisi', 1, 1, 'default.jpg'),
(248, 'Tomoro Coffee Pramuka;5;5;5;5;3;5', 'Belum diisi', 1, 1, 'default.jpg'),
(249, 'Tomoro Coffee Raden Intan;5;5;5;5;3;5', 'Belum diisi', 1, 1, 'default.jpg'),
(250, 'The Palm;5;5;5;5;3;5', 'Belum diisi', 1, 1, 'default.jpg'),
(251, 'Tomoro Coffee Teuku Umar;5;5;5;5;3;5', 'Belum diisi', 1, 1, 'default.jpg'),
(252, 'Tonecoffee.id;5;5;5;5;3;5', 'Belum diisi', 1, 1, 'default.jpg'),
(253, 'Tukamu Coffee & Tea House No.1;5;5;5;5;3;5', 'Belum diisi', 1, 1, 'default.jpg'),
(254, 'Tukamu Coffee & Tea House No.2;5;5;5;5;3;5', 'Belum diisi', 1, 1, 'default.jpg'),
(255, 'Tukamu Coffee & Tea House No.3;5;5;5;5;3;5', 'Belum diisi', 1, 1, 'default.jpg'),
(256, 'Vezco Sultan Agung;5;5;5;5;3;5', 'Belum diisi', 1, 1, 'default.jpg'),
(257, 'Warkomunal;5;5;5;5;3;5', 'Belum diisi', 1, 1, 'default.jpg'),
(258, 'Warkop Jasund;5;5;5;5;3;5', 'Belum diisi', 1, 1, 'default.jpg'),
(259, 'Tomoro Coffee Unila;5;5;5;5;3;5', 'Belum diisi', 1, 1, 'default.jpg'),
(260, 'The Oliv;5;5;5;5;3;5', 'Belum diisi', 1, 1, 'default.jpg'),
(261, 'The Habits Coffee;5;5;5;5;3;5', 'Belum diisi', 1, 1, 'default.jpg'),
(262, 'The Gade Coffee & Gold Lampung;5;5;5;5;3;5', 'Belum diisi', 1, 1, 'default.jpg'),
(263, 'Peachy Keen Bar;5;5;5;5;3;5', 'Belum diisi', 1, 1, 'default.jpg'),
(264, 'Pm Coffee;5;5;5;5;3;5', 'Belum diisi', 1, 1, 'default.jpg'),
(265, 'Podcast Coffee;5;5;5;5;3;5', 'Belum diisi', 1, 1, 'default.jpg'),
(266, 'Point Coffee;5;5;5;5;3;5', 'Belum diisi', 1, 1, 'default.jpg'),
(267, 'Poyz Coffee;5;5;5;5;3;5', 'Belum diisi', 1, 1, 'default.jpg'),
(268, 'Qalu Coffee;5;5;5;5;3;5', 'Belum diisi', 1, 1, 'default.jpg'),
(269, 'Sakara Coffee;5;5;5;5;3;5', 'Belum diisi', 1, 1, 'default.jpg'),
(270, 'Se.ndja;5;5;5;5;3;5', 'Belum diisi', 1, 1, 'default.jpg'),
(271, 'Shots Coffee;5;5;5;5;3;5', 'Belum diisi', 1, 1, 'default.jpg'),
(272, 'Sinia Coffee;5;5;5;5;3;5', 'Belum diisi', 1, 1, 'default.jpg'),
(273, 'Starbucks Ahmad Yani;5;5;5;5;3;5', 'Belum diisi', 1, 1, 'default.jpg'),
(274, 'Starbucks Antasari;5;5;5;5;3;5', 'Belum diisi', 1, 1, 'default.jpg'),
(275, 'Stone Coffee;5;5;5;5;3;5', 'Belum diisi', 1, 1, 'default.jpg'),
(276, 'Stop One Cafe;5;5;5;5;3;5', 'Belum diisi', 1, 1, 'default.jpg'),
(277, 'Sugarnishe Coffee;5;5;5;5;3;5', 'Belum diisi', 1, 1, 'default.jpg'),
(278, 'Sure Coffee;5;5;5;5;3;5', 'Belum diisi', 1, 1, 'default.jpg'),
(279, 'Tarra Coffee;5;5;5;5;3;5', 'Belum diisi', 1, 1, 'default.jpg'),
(280, 'One Shoot Coffee;5;5;5;5;3;5', 'Belum diisi', 1, 1, 'default.jpg'),
(281, 'Kopi Kenangan Ahmad Yani;5;5;5;5;3;5', 'Belum diisi', 1, 1, 'default.jpg'),
(282, 'Zozo Garden;5;5;5;5;3;5', 'Belum diisi', 1, 1, 'default.jpg'),
(283, 'Djawara;5;5;5;5;3;5', 'Belum diisi', 1, 1, 'default.jpg'),
(284, 'Faste Coffee Rajabasa;5;5;5;5;3;5', 'Belum diisi', 1, 1, 'default.jpg'),
(285, 'Faste Coffee Kedaton;5;5;5;5;3;5', 'Belum diisi', 1, 1, 'default.jpg'),
(286, 'Bun Kopi Pahoman;5;5;5;5;3;5', 'Belum diisi', 1, 1, 'default.jpg'),
(287, 'Faste Coffee Ahmad Yani;5;5;5;5;3;5', 'Belum diisi', 1, 1, 'default.jpg'),
(288, 'Aimo By Daja;5;5;5;5;3;5', 'Belum diisi', 1, 1, 'default.jpg'),
(289, 'Enpos Coffee;5;5;5;5;3;5', 'Belum diisi', 1, 1, 'default.jpg'),
(290, 'Els Coffee Roastery;5;5;5;5;3;5', 'Belum diisi', 1, 1, 'default.jpg'),
(291, 'Around The Eighty Eight;5;5;5;5;3;5', 'Belum diisi', 1, 1, 'default.jpg'),
(292, 'Backyard Milkbar;5;5;5;5;3;5', 'Belum diisi', 1, 1, 'default.jpg'),
(293, 'Els Coffee Lampung Walk;5;5;5;5;3;5', 'Belum diisi', 1, 1, 'default.jpg'),
(294, 'Els Coffee House;5;5;5;5;3;5', 'Belum diisi', 1, 1, 'default.jpg'),
(295, 'Dunno Coffee;5;5;5;5;3;5', 'Belum diisi', 1, 1, 'default.jpg'),
(296, 'Dr. Koffie Sukarame;5;5;5;5;3;5', 'Belum diisi', 1, 1, 'default.jpg'),
(297, 'Dotuku Kopi;5;5;5;5;3;5', 'Belum diisi', 1, 1, 'default.jpg'),
(298, 'Doesoen Coffee;5;5;5;5;3;5', 'Belum diisi', 1, 1, 'default.jpg'),
(299, 'Kongko Kopitiam;5;5;5;5;3;5', 'Belum diisi', 1, 1, 'default.jpg'),
(300, 'Dazzler Store & Coffee;5;5;5;5;3;5', 'Belum diisi', 1, 1, 'default.jpg'),
(301, 'Bun Kopi Rawa Laut;5;5;5;5;3;5', 'Belum diisi', 1, 1, 'default.jpg'),
(302, 'Bun Kopi Unila;5;5;5;5;3;5', 'Belum diisi', 1, 1, 'default.jpg'),
(303, 'Bun Kopi Wayhalim;5;5;5;5;3;5', 'Belum diisi', 1, 1, 'default.jpg'),
(304, 'Cabrio Coffee Itera;5;5;5;5;3;5', 'Belum diisi', 1, 1, 'default.jpg'),
(305, 'Bun Kopi Korpi;5;5;5;5;3;5', 'Belum diisi', 1, 1, 'default.jpg'),
(306, 'Cafe Janji Surga 2;5;5;5;5;3;5', 'Belum diisi', 1, 1, 'default.jpg'),
(307, 'Faste Coffee Signature;5;5;5;5;3;5', 'Belum diisi', 1, 1, 'default.jpg'),
(308, 'Cafe Kiyo;5;5;5;5;3;5', 'Belum diisi', 1, 1, 'default.jpg'),
(309, 'Boja Coffee;5;5;5;5;3;5', 'Belum diisi', 1, 1, 'default.jpg'),
(310, 'Bento Kopi;5;5;5;5;3;5', 'Belum diisi', 1, 1, 'default.jpg'),
(311, 'Coffee Shop Jangdoel;5;5;5;5;3;5', 'Belum diisi', 1, 1, 'default.jpg'),
(312, 'Benefit Coffee & Space;5;5;5;5;3;5', 'Belum diisi', 1, 1, 'default.jpg'),
(313, 'Daja;5;5;5;5;3;5', 'Belum diisi', 1, 1, 'default.jpg'),
(314, 'Benefit Coffee & Sapace Sukarame;5;5;5;5;3;5', 'Belum diisi', 1, 1, 'default.jpg'),
(315, 'Bun Kopi Kedaton;5;5;5;5;3;5', 'Belum diisi', 1, 1, 'default.jpg'),
(316, 'Faste Coffee Unila;5;5;5;5;3;5', 'Belum diisi', 1, 1, 'default.jpg'),
(317, 'Faste Coffee Enggal;5;5;5;5;3;5', 'Belum diisi', 1, 1, 'default.jpg'),
(318, 'Bun Kopi Marotai;5;5;5;5;3;5', 'Belum diisi', 1, 1, 'default.jpg'),
(319, 'Kiyo Pahoman;5;5;5;5;3;5', 'Belum diisi', 1, 1, 'default.jpg'),
(320, '20 Kopi Rawa Laut;5;5;5;5;3;5', 'Belum diisi', 1, 1, 'default.jpg'),
(321, 'Kedai Kopi Kini;5;5;5;5;3;5', 'Belum diisi', 1, 1, 'default.jpg'),
(322, '20 Kopi Teuku Umar;5;5;5;5;3;5', 'Belum diisi', 1, 1, 'default.jpg'),
(323, '20 Kopi Tritayasa;5;5;5;5;3;5', 'Belum diisi', 1, 1, 'default.jpg'),
(324, '20 Kopi Wolter Monginsidi;5;5;5;5;3;5', 'Belum diisi', 1, 1, 'default.jpg'),
(325, 'Kedai Atap;5;5;5;5;3;5', 'Belum diisi', 1, 1, 'default.jpg'),
(326, 'Katama Coffee & Space;5;5;5;5;3;5', 'Belum diisi', 1, 1, 'default.jpg'),
(327, '20+ Kopi Pramuka;5;5;5;5;3;5', 'Belum diisi', 1, 1, 'default.jpg'),
(328, 'Flambojan;5;5;5;5;3;5', 'Belum diisi', 1, 1, 'default.jpg'),
(329, 'Kali Cafe;5;5;5;5;3;5', 'Belum diisi', 1, 1, 'default.jpg'),
(330, 'Kala Coffee & Space;5;5;5;5;3;5', 'Belum diisi', 1, 1, 'default.jpg'),
(331, '52 Resonance;5;5;5;5;3;5', 'Belum diisi', 1, 1, 'default.jpg'),
(332, '411.foureleven;5;5;5;5;3;5', 'Belum diisi', 1, 1, 'default.jpg'),
(333, 'Fore Coffee Ahmad Yani;5;5;5;5;3;5', 'Belum diisi', 1, 1, 'default.jpg'),
(334, 'Jebe Coffee Express;5;5;5;5;3;5', 'Belum diisi', 1, 1, 'default.jpg'),
(335, 'Fore Coffee Antasari;5;5;5;5;3;5', 'Belum diisi', 1, 1, 'default.jpg'),
(336, 'Adiksi Coffee Korpri;5;5;5;5;3;5', 'Belum diisi', 1, 1, 'default.jpg'),
(337, 'Janji Jiwa Unila;5;5;5;5;3;5', 'Belum diisi', 1, 1, 'default.jpg'),
(338, 'Kl Coffee Indonesia;5;5;5;5;3;5', 'Belum diisi', 1, 1, 'default.jpg'),
(339, '20 Kopi Ratu Langi;5;5;5;5;3;5', 'Belum diisi', 1, 1, 'default.jpg'),
(340, 'Hum! Collaboration Space;5;5;5;5;3;5', 'Belum diisi', 1, 1, 'default.jpg'),
(341, 'Hoffmann Lane;5;5;5;5;3;5', 'Belum diisi', 1, 1, 'default.jpg'),
(342, 'Kolo Garden;5;5;5;5;3;5', 'Belum diisi', 1, 1, 'default.jpg'),
(343, 'Jenggala Coffee And Brew;5;5;4;5;3;5', 'Belum diisi', 1, 1, 'default.jpg'),
(344, 'Fore Coffee Mbk;5;5;4;5;3;5', 'Belum diisi', 1, 1, 'default.jpg'),
(345, 'Starbucks Mbk;5;5;4;5;3;5', 'Belum diisi', 1, 1, 'default.jpg'),
(346, 'One More Coffee;5;5;4;5;3;5', 'Belum diisi', 1, 1, 'default.jpg'),
(347, 'Small Block Coffee;5;5;4;5;3;5', 'Belum diisi', 1, 1, 'default.jpg'),
(348, 'Kopi Ketje Mall Kartini;5;5;4;5;3;5', 'Belum diisi', 1, 1, 'default.jpg'),
(349, 'Kopi Tempat Ketiga Sukarame;5;5;4;5;3;5', 'Belum diisi', 1, 1, 'default.jpg'),
(350, '20 Kopi Sultan Agung;4;4;5;4;3;4', 'Belum diisi', 1, 1, 'default.jpg'),
(351, 'Tomoro Coffee Antasari;4;4;5;4;3;4', 'Belum diisi', 1, 1, 'default.jpg'),
(352, 'Tazza Signature;4;4;5;4;3;4', 'Belum diisi', 1, 1, 'default.jpg'),
(353, 'Test Coffee17;4;4;5;4;3;4', 'Belum diisi', 1, 1, 'default.jpg'),
(354, 'Thamie Pahoman;4;4;5;4;3;4', 'Belum diisi', 1, 1, 'default.jpg'),
(355, '24 Degress;4;4;5;4;3;4', 'Belum diisi', 1, 1, 'default.jpg'),
(356, 'Theree Nine Coffee & Eatery;4;4;5;4;3;4', 'Belum diisi', 1, 1, 'default.jpg'),
(357, '9.1 Coffee;4;4;5;4;3;4', 'Belum diisi', 1, 1, 'default.jpg'),
(358, 'Tomoro Coffee Pahoman;4;4;5;4;3;4', 'Belum diisi', 1, 1, 'default.jpg'),
(359, 'Adiksi Coffee Purnawirawan;4;4;5;4;3;4', 'Belum diisi', 1, 1, 'default.jpg'),
(360, 'Vezco Gedong Air;4;4;5;4;3;4', 'Belum diisi', 1, 1, 'default.jpg'),
(361, 'The Pearl;4;4;5;4;3;4', 'Belum diisi', 1, 1, 'default.jpg'),
(362, 'Kopi Janji Jiwa Imam Bonjol;4;4;5;4;3;4', 'Belum diisi', 1, 1, 'default.jpg'),
(363, 'Manca Eatery;4;4;5;4;3;4', 'Belum diisi', 1, 1, 'default.jpg'),
(364, 'Kopi Kenangan Kedaton;4;4;5;4;3;4', 'Belum diisi', 1, 1, 'default.jpg'),
(365, 'Kiyo Time Pramuka;4;4;5;4;3;4', 'Belum diisi', 1, 1, 'default.jpg'),
(366, 'Kiyo Libare Korpri & 51 Carwash;4;4;5;4;3;4', 'Belum diisi', 1, 1, 'default.jpg'),
(367, 'Kiyo Libare;4;4;5;4;3;4', 'Belum diisi', 1, 1, 'default.jpg'),
(368, 'Kopi Koccok;4;4;5;4;3;4', 'Belum diisi', 1, 1, 'default.jpg'),
(369, 'Kopi Oey Lampung;4;4;5;4;3;4', 'Belum diisi', 1, 1, 'default.jpg'),
(370, 'Kopi Sheo X Donat Eo Antasari;4;4;5;4;3;4', 'Belum diisi', 1, 1, 'default.jpg'),
(371, 'Kafe Santurasi;4;4;5;4;3;4', 'Belum diisi', 1, 1, 'default.jpg'),
(372, 'Janji Jiwa & Jiwa Toast Sukarame;4;4;5;4;3;4', 'Belum diisi', 1, 1, 'default.jpg'),
(373, 'Cabrio Premier Coffee;4;4;5;4;3;4', 'Belum diisi', 1, 1, 'default.jpg'),
(374, 'Flipflop Coffee;4;4;5;4;3;4', 'Belum diisi', 1, 1, 'default.jpg'),
(375, 'Nnoko Café;4;4;5;4;3;4', 'Belum diisi', 1, 1, 'default.jpg'),
(376, 'Kopi Sheo X Dinat Eo Kemiling;4;4;5;4;3;4', 'Belum diisi', 1, 1, 'default.jpg'),
(377, 'Els Coffee Raden Inten Ii;4;4;5;4;3;4', 'Belum diisi', 1, 1, 'default.jpg'),
(378, 'Rumah Kawan 3;4;4;5;4;3;4', 'Belum diisi', 1, 1, 'default.jpg'),
(379, 'Cafe Kolo;4;4;5;4;3;4', 'Belum diisi', 1, 1, 'default.jpg'),
(380, 'Cafe Kopi Legend;4;4;5;4;3;4', 'Belum diisi', 1, 1, 'default.jpg'),
(381, 'Notiz Hut;4;4;5;4;3;4', 'Belum diisi', 1, 1, 'default.jpg'),
(382, 'Day One Coffee;4;4;5;4;3;4', 'Belum diisi', 1, 1, 'default.jpg'),
(383, 'Dahareun;4;4;5;4;3;4', 'Belum diisi', 1, 1, 'default.jpg'),
(384, 'Panacea Coffee;4;4;5;4;3;4', 'Belum diisi', 1, 1, 'default.jpg'),
(385, 'D’jaya House;4;4;5;4;3;4', 'Belum diisi', 1, 1, 'default.jpg'),
(386, 'Els Coffee Mbk;4;4;5;4;3;4', 'Belum diisi', 1, 1, 'default.jpg'),
(387, 'Kopi Tempat Ketiga;4;4;4;4;3;4', 'Belum diisi', 1, 1, 'default.jpg'),
(388, 'Kopitiam Uncle;3;3;5;3;3;3', 'Belum diisi', 1, 1, 'default.jpg'),
(389, 'Ice & Coffee;3;3;5;3;3;3', 'Belum diisi', 1, 1, 'default.jpg'),
(390, 'Rumah Kawan ;3;3;5;3;3;3', 'Belum diisi', 1, 1, 'default.jpg'),
(391, 'Rumah Kawan 2;3;3;5;3;3;3', 'Belum diisi', 1, 1, 'default.jpg'),
(392, 'Yaba House;3;3;5;3;3;3', 'Belum diisi', 1, 1, 'default.jpg'),
(393, 'Rumah Kawan 4;3;3;5;3;3;3', 'Belum diisi', 1, 1, 'default.jpg'),
(394, 'Kopi Ketje Unila;2;2;5;2;3;2', 'Belum diisi', 1, 1, 'default.jpg');

-- --------------------------------------------------------

--
-- Table structure for table `log_aktivitas`
--

CREATE TABLE `log_aktivitas` (
  `id_log` int(11) NOT NULL,
  `id_admin` int(11) DEFAULT NULL,
  `aktivitas` text DEFAULT NULL,
  `waktu` datetime DEFAULT current_timestamp()
) ENGINE=InnoDB DEFAULT CHARSET=utf8mb4 COLLATE=utf8mb4_general_ci;

--
-- Dumping data for table `log_aktivitas`
--

INSERT INTO `log_aktivitas` (`id_log`, `id_admin`, `aktivitas`, `waktu`) VALUES
(1, 1, 'Clustering berhasil | File: 2026-02-12_08-27-50_Clustering_SIP_Kafe_Balam.csv | Data: 194 | K=3 | Bobot: R=30%, P=20%, F=15%, S=15%, H=10%, RT=10%', '2026-02-12 08:27:51'),
(2, 1, 'Clustering berhasil | File: 2026-02-12_08-28-57_Clustering_SIP_Kafe_Balam.csv | Data: 194 | K=3 | Bobot: R=30%, P=20%, F=15%, S=15%, H=10%, RT=10%', '2026-02-12 08:28:57'),
(3, 1, 'Clustering berhasil | File: 2026-02-12_08-31-45_Clustering_SIP_Kafe_Balam.csv | Data: 194 | K=3 | Bobot: R=30%, P=20%, F=15%, S=15%, H=10%, RT=10%', '2026-02-12 08:31:46'),
(4, 1, 'Clustering berhasil | File: 2026-02-12_08-32-12_Clustering_SIP_Kafe_Balam.csv | Data: 194 | K=3 | Bobot: R=30%, P=20%, F=15%, S=15%, H=10%, RT=10%', '2026-02-12 08:32:12'),
(5, 1, 'Clustering berhasil | File: 2026-02-12_08-32-32_Clustering_SIP_Kafe_Balam.csv | Data: 194 | K=3 | Bobot: R=30%, P=20%, F=15%, S=15%, H=10%, RT=10%', '2026-02-12 08:32:33'),
(6, 1, 'Clustering berhasil | File: 2026-02-12_08-33-49_Clustering_SIP_Kafe_Balam.csv | Data: 194 | K=3 | Bobot: R=30%, P=20%, F=15%, S=15%, H=10%, RT=10%', '2026-02-12 08:33:49'),
(7, 1, 'Clustering berhasil | File: 2026-02-12_08-37-08_Clustering_SIP_Kafe_Balam.csv | Data: 194 | K=3 | Bobot: R=30%, P=20%, F=15%, S=15%, H=10%, RT=10%', '2026-02-12 08:37:09'),
(8, 1, 'Clustering berhasil | File: 2026-02-12_08-37-23_Clustering_SIP_Kafe_Balam.csv | Data: 194 | K=3 | Bobot: R=30%, P=20%, F=15%, S=15%, H=10%, RT=10%', '2026-02-12 08:37:24'),
(9, 1, 'Clustering berhasil | File: 2026-02-12_08-57-58_Clustering_SIP_Kafe_Balam.csv | Data: 194 | K=3 | Bobot: R=30%, P=20%, F=15%, S=15%, H=10%, RT=10%', '2026-02-12 08:57:59'),
(10, 1, 'Clustering berhasil | File: 2026-02-12_11-32-18_Clustering_SIP_Kafe_Balam.csv | Data: 194 | K=3 | Bobot: R=30%, P=20%, F=15%, S=15%, H=10%, RT=10%', '2026-02-12 11:32:19'),
(11, 1, 'Clustering berhasil | File: 2026-02-12_11-41-04_Clustering_SIP_Kafe_Balam.csv | Data: 194 | K=3 | Bobot: R=30%, P=20%, F=15%, S=15%, H=10%, RT=10%', '2026-02-12 11:41:05'),
(12, 1, 'Clustering berhasil | File: 2026-02-12_11-49-09_Clustering_SIP_Kafe_Balam.csv | Data: 194 | K=3 | Bobot: R=30%, P=20%, F=15%, S=15%, H=10%, RT=10%', '2026-02-12 11:49:10'),
(13, 1, 'Clustering berhasil | File: 2026-02-12_12-04-14_Clustering_SIP_Kafe_Balam.csv | Data: 194 | K=3 | Bobot: R=30%, P=20%, F=15%, S=15%, H=10%, RT=10%', '2026-02-12 12:04:15'),
(14, 1, 'Clustering berhasil | File: 2026-02-12_12-04-15_Clustering_SIP_Kafe_Balam.csv | Data: 194 | K=3 | Bobot: R=30%, P=20%, F=15%, S=15%, H=10%, RT=10%', '2026-02-12 12:04:16'),
(15, 1, 'Clustering berhasil | File: 2026-02-12_12-04-16_Clustering_SIP_Kafe_Balam.csv | Data: 194 | K=3 | Bobot: R=30%, P=20%, F=15%, S=15%, H=10%, RT=10%', '2026-02-12 12:04:17'),
(16, 1, 'Clustering berhasil | File: 2026-02-12_12-04-17_Clustering_SIP_Kafe_Balam.csv | Data: 194 | K=3 | Bobot: R=30%, P=20%, F=15%, S=15%, H=10%, RT=10%', '2026-02-12 12:04:18'),
(17, 1, 'Clustering berhasil | File: 2026-02-12_12-04-18_Clustering_SIP_Kafe_Balam.csv | Data: 194 | K=3 | Bobot: R=30%, P=20%, F=15%, S=15%, H=10%, RT=10%', '2026-02-12 12:04:18'),
(18, 1, 'Clustering berhasil | File: 2026-02-12_12-04-18_Clustering_SIP_Kafe_Balam.csv | Data: 194 | K=3 | Bobot: R=30%, P=20%, F=15%, S=15%, H=10%, RT=10%', '2026-02-12 12:04:19'),
(19, 1, 'Clustering berhasil | File: 2026-02-12_12-04-19_Clustering_SIP_Kafe_Balam.csv | Data: 194 | K=3 | Bobot: R=30%, P=20%, F=15%, S=15%, H=10%, RT=10%', '2026-02-12 12:04:20'),
(20, 1, 'Clustering berhasil | File: 2026-02-12_12-04-20_Clustering_SIP_Kafe_Balam.csv | Data: 194 | K=3 | Bobot: R=30%, P=20%, F=15%, S=15%, H=10%, RT=10%', '2026-02-12 12:04:21'),
(21, 1, 'Clustering berhasil | File: 2026-02-12_12-04-21_Clustering_SIP_Kafe_Balam.csv | Data: 194 | K=3 | Bobot: R=30%, P=20%, F=15%, S=15%, H=10%, RT=10%', '2026-02-12 12:04:21'),
(22, 1, 'Clustering berhasil | File: 2026-02-12_12-04-21_Clustering_SIP_Kafe_Balam.csv | Data: 194 | K=3 | Bobot: R=30%, P=20%, F=15%, S=15%, H=10%, RT=10%', '2026-02-12 12:04:22'),
(23, 1, 'Clustering berhasil | File: 2026-02-12_12-04-22_Clustering_SIP_Kafe_Balam.csv | Data: 194 | K=3 | Bobot: R=30%, P=20%, F=15%, S=15%, H=10%, RT=10%', '2026-02-12 12:04:23'),
(24, 1, 'Clustering berhasil | File: 2026-02-12_12-04-23_Clustering_SIP_Kafe_Balam.csv | Data: 194 | K=3 | Bobot: R=30%, P=20%, F=15%, S=15%, H=10%, RT=10%', '2026-02-12 12:04:24'),
(25, 1, 'Clustering berhasil | File: 2026-02-12_12-04-24_Clustering_SIP_Kafe_Balam.csv | Data: 194 | K=3 | Bobot: R=30%, P=20%, F=15%, S=15%, H=10%, RT=10%', '2026-02-12 12:04:24'),
(26, 1, 'Clustering berhasil | File: 2026-02-12_12-04-24_Clustering_SIP_Kafe_Balam.csv | Data: 194 | K=3 | Bobot: R=30%, P=20%, F=15%, S=15%, H=10%, RT=10%', '2026-02-12 12:04:25'),
(27, 1, 'Clustering berhasil | File: 2026-02-12_12-04-25_Clustering_SIP_Kafe_Balam.csv | Data: 194 | K=3 | Bobot: R=30%, P=20%, F=15%, S=15%, H=10%, RT=10%', '2026-02-12 12:04:26'),
(28, 1, 'Clustering berhasil | File: 2026-02-12_12-04-26_Clustering_SIP_Kafe_Balam.csv | Data: 194 | K=3 | Bobot: R=30%, P=20%, F=15%, S=15%, H=10%, RT=10%', '2026-02-12 12:04:27'),
(29, 1, 'Clustering berhasil | File: 2026-02-12_12-04-27_Clustering_SIP_Kafe_Balam.csv | Data: 194 | K=3 | Bobot: R=30%, P=20%, F=15%, S=15%, H=10%, RT=10%', '2026-02-12 12:04:27'),
(30, 1, 'Clustering berhasil | File: 2026-02-12_12-04-27_Clustering_SIP_Kafe_Balam.csv | Data: 194 | K=3 | Bobot: R=30%, P=20%, F=15%, S=15%, H=10%, RT=10%', '2026-02-12 12:04:28'),
(31, 1, 'Clustering berhasil | File: 2026-02-12_12-04-28_Clustering_SIP_Kafe_Balam.csv | Data: 194 | K=3 | Bobot: R=30%, P=20%, F=15%, S=15%, H=10%, RT=10%', '2026-02-12 12:04:29'),
(32, 1, 'Clustering berhasil | File: 2026-02-12_12-04-29_Clustering_SIP_Kafe_Balam.csv | Data: 194 | K=3 | Bobot: R=30%, P=20%, F=15%, S=15%, H=10%, RT=10%', '2026-02-12 12:04:30'),
(33, 1, 'Clustering berhasil | File: 2026-02-12_12-04-30_Clustering_SIP_Kafe_Balam.csv | Data: 194 | K=3 | Bobot: R=30%, P=20%, F=15%, S=15%, H=10%, RT=10%', '2026-02-12 12:04:31'),
(34, 1, 'Clustering berhasil | File: 2026-02-12_12-04-31_Clustering_SIP_Kafe_Balam.csv | Data: 194 | K=3 | Bobot: R=30%, P=20%, F=15%, S=15%, H=10%, RT=10%', '2026-02-12 12:04:32'),
(35, 1, 'Clustering berhasil | File: 2026-02-12_12-04-32_Clustering_SIP_Kafe_Balam.csv | Data: 194 | K=3 | Bobot: R=30%, P=20%, F=15%, S=15%, H=10%, RT=10%', '2026-02-12 12:04:32');

--
-- Indexes for dumped tables
--

--
-- Indexes for table `admin`
--
ALTER TABLE `admin`
  ADD PRIMARY KEY (`id_admin`);

--
-- Indexes for table `clustering`
--
ALTER TABLE `clustering`
  ADD PRIMARY KEY (`id_cluster`);

--
-- Indexes for table `hasil_clustering`
--
ALTER TABLE `hasil_clustering`
  ADD PRIMARY KEY (`id_hasil`),
  ADD KEY `id_cluster` (`id_cluster`),
  ADD KEY `id_kafe` (`id_kafe`),
  ADD KEY `idx_hasil_clustering_kafe` (`id_kafe`),
  ADD KEY `idx_hasil_clustering_cluster` (`cluster`);

--
-- Indexes for table `hasil_kuisioner`
--
ALTER TABLE `hasil_kuisioner`
  ADD PRIMARY KEY (`id_kuisioner`),
  ADD KEY `id_kafe` (`id_kafe`),
  ADD KEY `idx_hasil_kuisioner_kafe` (`id_kafe`);

--
-- Indexes for table `kafe`
--
ALTER TABLE `kafe`
  ADD PRIMARY KEY (`id_kafe`),
  ADD KEY `idx_kafe_nama` (`nama_kafe`);

--
-- Indexes for table `log_aktivitas`
--
ALTER TABLE `log_aktivitas`
  ADD PRIMARY KEY (`id_log`),
  ADD KEY `id_admin` (`id_admin`);

--
-- AUTO_INCREMENT for dumped tables
--

--
-- AUTO_INCREMENT for table `admin`
--
ALTER TABLE `admin`
  MODIFY `id_admin` int(11) NOT NULL AUTO_INCREMENT, AUTO_INCREMENT=2;

--
-- AUTO_INCREMENT for table `clustering`
--
ALTER TABLE `clustering`
  MODIFY `id_cluster` int(11) NOT NULL AUTO_INCREMENT, AUTO_INCREMENT=69;

--
-- AUTO_INCREMENT for table `hasil_clustering`
--
ALTER TABLE `hasil_clustering`
  MODIFY `id_hasil` int(11) NOT NULL AUTO_INCREMENT, AUTO_INCREMENT=195;

--
-- AUTO_INCREMENT for table `hasil_kuisioner`
--
ALTER TABLE `hasil_kuisioner`
  MODIFY `id_kuisioner` int(11) NOT NULL AUTO_INCREMENT, AUTO_INCREMENT=195;

--
-- AUTO_INCREMENT for table `kafe`
--
ALTER TABLE `kafe`
  MODIFY `id_kafe` int(11) NOT NULL AUTO_INCREMENT, AUTO_INCREMENT=395;

--
-- AUTO_INCREMENT for table `log_aktivitas`
--
ALTER TABLE `log_aktivitas`
  MODIFY `id_log` int(11) NOT NULL AUTO_INCREMENT, AUTO_INCREMENT=36;

--
-- Constraints for dumped tables
--

--
-- Constraints for table `hasil_clustering`
--
ALTER TABLE `hasil_clustering`
  ADD CONSTRAINT `hasil_clustering_ibfk_1` FOREIGN KEY (`id_cluster`) REFERENCES `clustering` (`id_cluster`) ON DELETE CASCADE ON UPDATE CASCADE,
  ADD CONSTRAINT `hasil_clustering_ibfk_2` FOREIGN KEY (`id_kafe`) REFERENCES `kafe` (`id_kafe`) ON DELETE CASCADE ON UPDATE CASCADE;

--
-- Constraints for table `hasil_kuisioner`
--
ALTER TABLE `hasil_kuisioner`
  ADD CONSTRAINT `hasil_kuisioner_ibfk_1` FOREIGN KEY (`id_kafe`) REFERENCES `kafe` (`id_kafe`) ON DELETE CASCADE ON UPDATE CASCADE;

--
-- Constraints for table `log_aktivitas`
--
ALTER TABLE `log_aktivitas`
  ADD CONSTRAINT `log_aktivitas_ibfk_1` FOREIGN KEY (`id_admin`) REFERENCES `admin` (`id_admin`) ON DELETE CASCADE ON UPDATE CASCADE;
COMMIT;

/*!40101 SET CHARACTER_SET_CLIENT=@OLD_CHARACTER_SET_CLIENT */;
/*!40101 SET CHARACTER_SET_RESULTS=@OLD_CHARACTER_SET_RESULTS */;
/*!40101 SET COLLATION_CONNECTION=@OLD_COLLATION_CONNECTION */;
